DATE,vix,yield_curve_slope,credit_spread,cpi_inflation,wti_oil,usd_index
2005-01-01,14.08,1.13,3.86,,42.16,101.4155
2005-01-03,14.08,1.13,3.86,,42.16,101.4155
2005-01-04,13.98,1.09,3.86,,43.96,101.4155
2005-01-05,14.09,1.07,3.86,,43.41,101.4155
2005-01-06,13.58,1.11,3.86,,45.51,101.4155
2005-01-07,13.49,1.09,3.86,,45.32,101.4155
2005-01-10,13.23,1.06,3.86,,45.31,101.4155
2005-01-11,13.19,1.02,3.86,,45.66,101.4155
2005-01-12,12.56,1.03,3.86,,46.46,101.4155
2005-01-13,12.84,0.99,3.86,,48.11,101.4155
2005-01-14,12.43,0.99,3.86,,48.41,101.4155
2005-01-17,12.43,0.99,3.86,,48.41,101.4155
2005-01-18,12.47,0.95,3.86,,48.46,101.4155
2005-01-19,13.18,0.94,3.86,,47.61,101.4155
2005-01-20,13.83,0.96,3.86,,47.01,101.4155
2005-01-21,14.36,1.0,3.86,,48.31,101.4155
2005-01-24,14.65,0.94,3.86,,48.61,101.4155
2005-01-25,14.06,0.97,3.86,,49.43,101.4155
2005-01-26,13.44,0.94,3.86,,48.8,101.4155
2005-01-27,13.24,0.94,3.86,,48.8,101.4155
2005-01-28,13.24,0.91,3.86,,47.15,101.4155
2005-01-31,12.82,0.85,3.86,,48.25,101.4155
2005-02-01,12.03,0.86,3.86,,47.1,101.4155
2005-02-02,11.66,0.83,3.86,,46.65,101.4155
2005-02-03,11.79,0.84,3.86,,46.4,101.4155
2005-02-04,11.21,0.8,3.86,,46.45,101.4155
2005-02-07,11.73,0.76,3.86,,45.35,101.4155
2005-02-08,11.6,0.72,3.86,,45.4,101.4155
2005-02-09,12.0,0.76,3.86,,45.45,101.4155
2005-02-10,11.51,0.78,3.86,,47.05,101.4155
2005-02-11,11.43,0.76,3.86,,47.15,101.4155
2005-02-14,11.52,0.7,3.86,,47.5,101.4155
2005-02-15,11.27,0.73,3.86,,47.3,101.4155
2005-02-16,11.1,0.75,3.86,,48.35,101.4155
2005-02-17,11.77,0.81,3.86,,47.5,101.4155
2005-02-18,11.18,0.82,3.86,,48.45,101.4155
2005-02-21,11.18,0.82,3.86,,48.45,101.4155
2005-02-22,13.14,0.83,3.86,,51.0,101.4155
2005-02-23,12.39,0.81,3.86,,51.73,101.4155
2005-02-24,11.57,0.77,3.86,,52.05,101.4155
2005-02-25,11.49,0.73,3.86,,52.2,101.4155
2005-02-28,12.08,0.77,3.86,,51.75,101.4155
2005-03-01,12.04,0.79,3.86,,51.67,101.4155
2005-03-02,12.5,0.81,3.86,,53.0,101.4155
2005-03-03,12.93,0.8,3.86,,53.6,101.4155
2005-03-04,11.94,0.75,3.86,,53.7,101.4155
2005-03-07,12.26,0.7,3.86,,53.9,101.4155
2005-03-08,12.4,0.76,3.86,,54.55,101.4155
2005-03-09,12.7,0.86,3.86,,54.75,101.4155
2005-03-10,12.49,0.8,3.86,,53.52,101.4155
2005-03-11,12.8,0.83,3.86,,54.4,101.4155
2005-03-14,12.39,0.77,3.86,,54.9,101.4155
2005-03-15,13.15,0.79,3.86,,55.05,101.4155
2005-03-16,13.49,0.8,3.86,,56.5,101.4155
2005-03-17,13.29,0.77,3.86,,56.4,101.4155
2005-03-18,13.14,0.79,3.86,,56.8,101.4155
2005-03-21,13.61,0.81,3.86,,56.7,101.4155
2005-03-22,14.27,0.77,3.86,,55.95,101.4155
2005-03-23,14.06,0.77,3.86,,49.43,101.4155
2005-03-24,13.42,0.72,3.86,,49.7,101.4155
2005-03-25,13.42,0.72,3.86,,49.7,101.4155
2005-03-28,13.75,0.74,3.86,,54.06,101.4155
2005-03-29,14.49,0.73,3.86,,54.26,101.4155
2005-03-30,13.64,0.7,3.86,,53.96,101.4155
2005-03-31,14.02,0.7,3.86,,55.31,101.4155
2005-04-01,14.09,0.71,3.86,,57.26,101.4155
2005-04-04,14.11,0.73,3.86,,56.86,101.4155
2005-04-05,13.68,0.73,3.86,,55.83,101.4155
2005-04-06,13.15,0.74,3.86,,55.88,101.4155
2005-04-07,12.33,0.77,3.86,,54.16,101.4155
2005-04-08,12.62,0.73,3.86,,53.46,101.4155
2005-04-11,11.98,0.7,3.86,,53.71,101.4155
2005-04-12,11.3,0.67,3.86,,51.54,101.4155
2005-04-13,13.31,0.72,3.86,,50.21,101.4155
2005-04-14,14.53,0.77,3.86,,51.11,101.4155
2005-04-15,17.74,0.73,3.86,,50.61,101.4155
2005-04-18,16.56,0.72,3.86,,50.52,101.4155
2005-04-19,14.96,0.71,3.86,,52.33,101.4155
2005-04-20,16.92,0.7,3.86,,52.45,101.4155
2005-04-21,14.41,0.67,3.86,,52.49,101.4155
2005-04-22,15.38,0.64,3.86,,54.16,101.4155
2005-04-25,14.62,0.62,3.86,,53.16,101.4155
2005-04-26,14.91,0.61,3.86,,54.33,101.4155
2005-04-27,14.87,0.61,3.86,,51.37,101.4155
2005-04-28,16.86,0.6,3.86,,51.92,101.4155
2005-04-29,15.31,0.55,3.86,,49.2,101.4155
2005-05-01,15.31,0.55,3.86,,49.2,101.4155
2005-05-02,15.12,0.57,3.86,,50.94,101.4155
2005-05-03,14.53,0.53,3.86,,49.6,101.4155
2005-05-04,13.85,0.57,3.86,,50.22,101.4155
2005-05-05,13.98,0.61,3.86,,51.12,101.4155
2005-05-06,14.05,0.55,3.86,,51.3,101.4155
2005-05-09,13.75,0.53,3.86,,52.04,101.4155
2005-05-10,14.91,0.54,3.86,,51.76,101.4155
2005-05-11,14.45,0.53,3.86,,50.39,101.4155
2005-05-12,16.12,0.52,3.86,,48.83,101.4155
2005-05-13,16.32,0.51,3.86,,48.65,101.4155
2005-05-16,15.68,0.52,3.86,,48.64,101.4155
2005-05-17,14.57,0.51,3.86,,48.97,101.4155
2005-05-18,13.63,0.51,3.86,,46.99,101.4155
2005-05-19,13.32,0.47,3.86,,47.0,101.4155
2005-05-20,13.14,0.44,3.86,,47.25,101.4155
2005-05-23,12.95,0.42,3.86,,48.68,101.4155
2005-05-24,12.69,0.43,3.86,,49.14,101.4155
2005-05-25,12.58,0.47,3.86,,50.37,101.4155
2005-05-26,12.24,0.44,3.86,,50.89,101.4155
2005-05-27,12.15,0.44,3.86,,51.65,101.4155
2005-05-30,12.15,0.44,3.86,,51.65,101.4155
2005-05-31,13.29,0.4,3.86,,52.08,101.4155
2005-06-01,12.36,0.41,3.86,,54.4,101.4155
2005-06-02,11.84,0.37,3.86,,53.46,101.4155
2005-06-03,12.15,0.41,3.86,,55.08,101.4155
2005-06-06,12.28,0.37,3.86,,54.46,101.4155
2005-06-07,12.39,0.35,3.86,,53.84,101.4155
2005-06-08,12.7,0.35,3.86,,52.51,101.4155
2005-06-09,12.08,0.34,3.86,,54.36,101.4155
2005-06-10,11.96,0.34,3.86,,53.55,101.4155
2005-06-13,11.65,0.38,3.86,,55.47,101.4155
2005-06-14,11.79,0.42,3.86,,55.03,101.4155
2005-06-15,11.46,0.4,3.86,,55.53,101.4155
2005-06-16,11.15,0.39,3.86,,56.48,101.4155
2005-06-17,11.48,0.37,3.86,,58.4,101.4155
2005-06-20,11.47,0.39,3.86,,59.19,101.4155
2005-06-21,11.08,0.35,3.86,,58.9,101.4155
2005-06-22,11.05,0.33,3.86,,58.27,101.4155
2005-06-23,12.13,0.33,3.86,,59.23,101.4155
2005-06-24,12.18,0.33,3.86,,59.63,101.4155
2005-06-27,12.52,0.3,3.86,,59.78,101.4155
2005-06-28,11.58,0.32,3.86,,58.32,101.4155
2005-06-29,11.77,0.34,3.86,,57.23,101.4155
2005-06-30,12.04,0.28,3.86,,56.63,101.4155
2005-07-01,11.4,0.3,3.86,,59.11,101.4155
2005-07-04,11.4,0.3,3.86,,59.11,101.4155
2005-07-05,11.68,0.32,3.86,,59.71,101.4155
2005-07-06,12.27,0.31,3.86,,61.24,101.4155
2005-07-07,12.49,0.34,3.86,,60.76,101.4155
2005-07-08,11.45,0.33,3.86,,59.71,101.4155
2005-07-11,11.28,0.3,3.86,,59.23,101.4155
2005-07-12,10.95,0.33,3.86,,60.49,101.4155
2005-07-13,10.84,0.33,3.86,,60.0,101.4155
2005-07-14,10.81,0.33,3.86,,57.83,101.4155
2005-07-15,10.33,0.32,3.86,,58.36,101.4155
2005-07-18,10.77,0.33,3.86,,57.12,101.4155
2005-07-19,10.45,0.32,3.86,,57.61,101.4155
2005-07-20,10.23,0.27,3.86,,56.73,101.4155
2005-07-21,10.97,0.32,3.86,,57.31,101.4155
2005-07-22,10.52,0.31,3.86,,57.75,101.4155
2005-07-25,11.1,0.3,3.86,,58.16,101.4155
2005-07-26,10.99,0.29,3.86,,59.05,101.4155
2005-07-27,10.36,0.28,3.86,,59.12,101.4155
2005-07-28,10.52,0.24,3.86,,59.91,101.4155
2005-07-29,11.57,0.26,3.86,,60.71,101.4155
2005-08-01,12.08,0.28,3.86,,61.51,101.4155
2005-08-02,11.75,0.28,3.86,,61.87,101.4155
2005-08-03,11.83,0.28,3.86,,60.76,101.4155
2005-08-04,12.52,0.28,3.86,,61.6,101.4155
2005-08-05,12.48,0.29,3.86,,62.44,101.4155
2005-08-08,13.21,0.26,3.86,,63.92,101.4155
2005-08-09,12.4,0.28,3.86,,63.13,101.4155
2005-08-10,12.38,0.27,3.86,,64.8,101.4155
2005-08-11,12.42,0.22,3.86,,65.67,101.4155
2005-08-12,12.74,0.19,3.86,,66.71,101.4155
2005-08-15,12.26,0.19,3.86,,66.21,101.4155
2005-08-16,13.52,0.2,3.86,,66.11,101.4155
2005-08-17,13.3,0.21,3.86,,63.29,101.4155
2005-08-18,13.42,0.2,3.86,,63.47,101.4155
2005-08-19,13.42,0.18,3.86,,65.51,101.4155
2005-08-22,13.42,0.19,3.86,,65.46,101.4155
2005-08-23,13.34,0.19,3.86,,65.81,101.4155
2005-08-24,14.17,0.2,3.86,,67.1,101.4155
2005-08-25,13.73,0.18,3.86,,67.29,101.4155
2005-08-26,13.72,0.14,3.86,,66.05,101.4155
2005-08-29,13.52,0.14,3.86,,67.41,101.4155
2005-08-30,13.65,0.19,3.86,,69.91,101.4155
2005-08-31,12.6,0.18,3.86,,68.63,101.4155
2005-09-01,13.15,0.3,3.86,,69.5,101.4155
2005-09-02,13.57,0.28,3.86,,66.91,101.4155
2005-09-05,13.57,0.28,3.86,,66.91,101.4155
2005-09-06,12.93,0.29,3.86,,65.83,101.4155
2005-09-07,12.52,0.28,3.86,,64.38,101.4155
2005-09-08,12.93,0.28,3.86,,64.8,101.4155
2005-09-09,11.98,0.26,3.86,,64.21,101.4155
2005-09-12,11.65,0.26,3.86,,63.29,101.4155
2005-09-13,12.39,0.26,3.86,,63.18,101.4155
2005-09-14,12.91,0.27,3.86,,65.2,101.4155
2005-09-15,12.49,0.32,3.86,,64.64,101.4155
2005-09-16,11.22,0.29,3.86,,62.91,101.4155
2005-09-19,12.14,0.32,3.86,,67.21,101.4155
2005-09-20,12.64,0.26,3.86,,66.24,101.4155
2005-09-21,13.79,0.23,3.86,,66.96,101.4155
2005-09-22,13.33,0.24,3.86,,67.07,101.4155
2005-09-23,12.96,0.23,3.86,,64.67,101.4155
2005-09-26,13.04,0.23,3.86,,65.98,101.4155
2005-09-27,12.76,0.22,3.86,,64.94,101.4155
2005-09-28,12.63,0.17,3.86,,66.36,101.4155
2005-09-29,12.24,0.16,3.86,,66.83,101.4155
2005-09-30,11.92,0.16,3.86,,66.21,101.4155
2005-10-01,11.92,0.16,3.86,,66.21,101.4155
2005-10-03,12.46,0.18,3.86,,65.36,101.4155
2005-10-04,13.2,0.16,3.86,,63.74,101.4155
2005-10-05,14.55,0.15,3.86,,62.56,101.4155
2005-10-06,14.96,0.17,3.86,,61.81,101.4155
2005-10-07,14.59,0.17,3.86,,61.81,101.4155
2005-10-10,15.55,0.17,3.86,,60.71,101.4155
2005-10-11,15.63,0.17,3.86,,63.84,101.4155
2005-10-12,16.22,0.21,3.86,,64.13,101.4155
2005-10-13,16.47,0.24,3.86,,63.05,101.4155
2005-10-14,14.87,0.21,3.86,,62.61,101.4155
2005-10-17,14.67,0.21,3.86,,64.26,101.4155
2005-10-18,15.33,0.22,3.86,,62.94,101.4155
2005-10-19,13.5,0.22,3.86,,62.11,101.4155
2005-10-20,16.11,0.19,3.86,,61.04,101.4155
2005-10-21,16.13,0.17,3.86,,61.05,101.4155
2005-10-24,14.74,0.2,3.86,,60.63,101.4155
2005-10-25,14.53,0.2,3.86,,62.83,101.4155
2005-10-26,14.59,0.22,3.86,,60.85,101.4155
2005-10-27,16.02,0.21,3.86,,61.03,101.4155
2005-10-28,14.25,0.18,3.86,,61.3,101.4155
2005-10-31,15.32,0.17,3.86,,59.8,101.4155
2005-11-01,14.85,0.16,3.86,,59.85,101.4155
2005-11-02,13.48,0.18,3.86,,59.75,101.4155
2005-11-03,13.0,0.18,3.86,,61.7,101.4155
2005-11-04,13.17,0.19,3.86,,60.6,101.4155
2005-11-07,13.1,0.18,3.86,,59.4,101.4155
2005-11-08,13.08,0.14,3.86,,59.7,101.4155
2005-11-09,12.8,0.15,3.86,,59.65,101.4155
2005-11-10,11.9,0.11,3.86,,57.8,101.4155
2005-11-11,11.63,0.11,3.86,,57.45,101.4155
2005-11-14,12.18,0.11,3.86,,57.6,101.4155
2005-11-15,12.23,0.09,3.86,,57.05,101.4155
2005-11-16,12.26,0.07,3.86,,57.85,101.4155
2005-11-17,11.25,0.09,3.86,,56.2,101.4155
2005-11-18,11.12,0.1,3.86,,56.3,101.4155
2005-11-21,10.82,0.07,3.86,,57.75,101.4155
2005-11-22,10.6,0.11,3.86,,58.3,101.4155
2005-11-23,10.96,0.11,3.86,,58.35,101.4155
2005-11-24,10.96,0.11,3.86,,58.35,101.4155
2005-11-25,10.88,0.1,3.86,,58.35,101.4155
2005-11-28,11.84,0.08,3.86,,57.36,101.4155
2005-11-29,11.89,0.08,3.86,,56.46,101.4155
2005-11-30,12.06,0.07,3.86,,57.33,101.4155
2005-12-01,11.24,0.07,3.86,,58.46,101.4155
2005-12-02,11.01,0.09,3.86,,59.31,101.4155
2005-12-05,11.6,0.1,3.86,,59.91,101.4155
2005-12-06,11.52,0.07,3.86,,59.96,101.4155
2005-12-07,12.18,0.1,3.86,,59.21,101.4155
2005-12-08,12.21,0.1,3.86,,60.66,101.4155
2005-12-09,11.69,0.11,3.86,,59.41,101.4155
2005-12-12,11.47,0.11,3.86,,61.36,101.4155
2005-12-13,11.11,0.11,3.86,,61.36,101.4155
2005-12-14,10.48,0.08,3.86,,60.86,101.4155
2005-12-15,10.73,0.1,3.86,,60.01,101.4155
2005-12-16,10.68,0.08,3.86,,58.01,101.4155
2005-12-19,11.38,0.07,3.86,,57.31,101.4155
2005-12-20,11.19,0.05,3.86,,57.81,101.4155
2005-12-21,10.81,0.06,3.86,,58.56,101.4155
2005-12-22,10.29,0.04,3.86,,58.08,101.4155
2005-12-23,10.27,0.01,3.86,,58.08,101.4155
2005-12-26,10.27,0.01,3.86,,58.08,101.4155
2005-12-27,11.57,-0.01,3.86,,58.16,101.4155
2005-12-28,11.35,0.01,3.86,,59.81,101.4155
2005-12-29,11.61,-0.01,3.86,,60.26,101.4155
2005-12-30,12.07,-0.02,3.86,,61.06,101.4155
2006-01-01,12.07,-0.02,3.86,,61.06,101.4155
2006-01-02,12.07,-0.02,3.86,,61.06,101.4155
2006-01-03,11.14,0.03,3.86,,63.11,100.7558
2006-01-04,11.37,0.05,3.86,,63.41,100.2288
2006-01-05,11.31,0.04,3.86,,62.81,100.2992
2006-01-06,11.0,0.02,3.86,,64.21,100.0241
2006-01-09,11.13,0.02,3.86,,63.56,100.1794
2006-01-10,10.86,0.02,3.86,,63.41,100.1436
2006-01-11,10.94,0.02,3.86,,63.91,99.871
2006-01-12,11.2,0.03,3.86,,63.96,100.0643
2006-01-13,11.23,0.02,3.86,,63.86,99.9675
2006-01-16,11.23,0.02,3.86,,63.86,99.9715
2006-01-17,11.91,0.01,3.86,,66.36,100.2447
2006-01-18,12.25,0.01,3.86,,65.76,100.4085
2006-01-19,11.98,0.01,3.86,,66.86,100.1862
2006-01-20,14.56,0.0,3.86,,68.16,99.9017
2006-01-23,13.93,0.01,3.86,,68.06,99.3783
2006-01-24,13.31,0.03,3.86,,66.83,99.3434
2006-01-25,12.87,0.03,3.86,,65.6,99.348
2006-01-26,12.42,0.04,3.86,,65.8,99.4798
2006-01-27,11.97,0.01,3.86,,67.81,99.6433
2006-01-30,12.39,0.02,3.86,,68.36,99.7144
2006-01-31,12.95,-0.01,3.86,,67.86,99.4311
2006-02-01,12.36,-0.02,3.86,,66.61,99.6132
2006-02-02,13.23,-0.02,3.86,,64.71,99.7916
2006-02-03,12.96,-0.05,3.86,,65.41,100.118
2006-02-06,13.04,-0.07,3.86,,65.11,100.1372
2006-02-07,13.59,-0.04,3.86,,63.01,100.1759
2006-02-08,12.83,-0.08,3.86,,62.51,100.4879
2006-02-09,13.12,-0.12,3.86,,62.66,100.2117
2006-02-10,12.87,-0.1,3.86,,62.01,100.322
2006-02-13,13.35,-0.1,3.86,,61.26,100.3955
2006-02-14,12.25,-0.07,3.86,,59.61,100.3987
2006-02-15,12.31,-0.1,3.86,,57.61,100.4489
2006-02-16,11.48,-0.1,3.86,,58.61,100.5183
2006-02-17,12.01,-0.12,3.86,,59.76,100.3404
2006-02-20,12.01,-0.12,3.86,,59.76,100.3447
2006-02-21,12.41,-0.14,3.86,,61.21,100.2346
2006-02-22,11.88,-0.15,3.86,,59.03,100.3879
2006-02-23,11.87,-0.16,3.86,,58.03,100.1956
2006-02-24,11.46,-0.16,3.86,,61.46,100.2594
2006-02-27,11.59,-0.15,3.86,,61.01,100.0724
2006-02-28,12.34,-0.14,3.86,,61.37,99.7695
2006-03-01,11.54,-0.12,3.86,,62.01,99.8355
2006-03-02,11.72,-0.08,3.86,,63.36,99.5969
2006-03-03,11.96,-0.08,3.86,,63.61,99.7024
2006-03-06,12.74,-0.03,3.86,,62.46,99.9834
2006-03-07,12.66,-0.03,3.86,,61.51,100.564
2006-03-08,12.32,0.01,3.86,,60.06,100.8565
2006-03-09,12.68,0.02,3.86,,60.51,100.7718
2006-03-10,11.85,0.02,3.86,,59.91,100.9566
2006-03-13,11.37,0.03,3.86,,61.81,100.8563
2006-03-14,10.74,0.05,3.86,,63.01,100.312
2006-03-15,11.35,0.04,3.86,,62.11,100.2121
2006-03-16,11.98,0.03,3.86,,63.46,99.9049
2006-03-17,12.12,0.03,3.86,,62.81,99.8614
2006-03-20,11.79,0.01,3.86,,60.31,100.0491
2006-03-21,11.62,-0.01,3.86,,60.41,100.4716
2006-03-22,11.21,-0.04,3.86,,60.03,100.496
2006-03-23,11.17,-0.04,3.86,,62.13,100.8256
2006-03-24,11.19,-0.05,3.86,,63.9,100.7773
2006-03-27,11.46,-0.02,3.86,,63.75,100.8359
2006-03-28,11.58,-0.02,3.86,,65.65,100.7995
2006-03-29,10.95,-0.01,3.86,,66.0,101.0474
2006-03-30,11.57,0.02,3.86,,66.7,100.5698
2006-03-31,11.39,0.04,3.86,,66.25,100.56
2006-04-01,11.39,0.04,3.86,,66.25,100.56
2006-04-03,11.57,0.02,3.86,,66.07,100.6204
2006-04-04,11.14,0.03,3.86,,65.75,100.1319
2006-04-05,11.13,0.03,3.86,,66.76,100.0792
2006-04-06,11.45,0.06,3.86,,67.22,100.1578
2006-04-07,12.26,0.08,3.86,,67.02,100.4187
2006-04-10,12.19,0.08,3.86,,68.29,100.4091
2006-04-11,13.0,0.05,3.86,,69.03,100.2903
2006-04-12,12.76,0.07,3.86,,68.53,100.3589
2006-04-13,12.38,0.09,3.86,,69.53,100.4759
2006-04-14,12.38,0.09,3.86,,69.53,100.4697
2006-04-17,12.58,0.1,3.86,,70.3,99.8719
2006-04-18,11.4,0.15,3.86,,71.28,99.6747
2006-04-19,11.32,0.18,3.86,,72.07,99.3467
2006-04-20,11.64,0.15,3.86,,71.96,99.4974
2006-04-21,11.59,0.11,3.86,,73.73,99.4345
2006-04-24,11.75,0.1,3.86,,70.19,99.117
2006-04-25,11.75,0.12,3.86,,67.43,98.9687
2006-04-26,11.76,0.13,3.86,,71.71,98.8907
2006-04-27,11.84,0.18,3.86,,70.76,98.5149
2006-04-28,11.59,0.2,3.86,,71.8,98.1412
2006-05-01,12.54,0.2,3.86,,73.75,97.9085
2006-05-02,11.99,0.2,3.86,,74.62,97.6571
2006-05-03,11.99,0.21,3.86,,72.26,97.5572
2006-05-04,11.86,0.19,3.86,,69.98,97.4878
2006-05-05,11.62,0.18,3.86,,70.09,97.2585
2006-05-08,12.0,0.15,3.86,,69.75,97.1945
2006-05-09,11.99,0.16,3.86,,70.71,96.9578
2006-05-10,11.78,0.12,3.86,,72.15,96.6391
2006-05-11,12.49,0.15,3.86,,73.0,96.5383
2006-05-12,14.19,0.18,3.86,,71.87,96.8788
2006-05-15,13.57,0.16,3.86,,69.25,97.3588
2006-05-16,13.35,0.14,3.86,,69.4,97.1959
2006-05-17,16.26,0.19,3.86,,68.65,97.4725
2006-05-18,16.99,0.14,3.86,,69.63,97.7033
2006-05-19,17.18,0.09,3.86,,68.44,97.933
2006-05-22,17.72,0.1,3.86,,69.23,97.9377
2006-05-23,18.26,0.1,3.86,,70.78,97.7045
2006-05-24,17.36,0.09,3.86,,69.47,98.3936
2006-05-25,15.5,0.09,3.86,,70.92,97.8423
2006-05-26,14.26,0.1,3.86,,71.35,97.8995
2006-05-29,14.26,0.1,3.86,,71.35,97.8936
2006-05-30,18.66,0.1,3.86,,71.85,97.588
2006-05-31,16.44,0.08,3.86,,71.42,97.7705
2006-06-01,14.52,0.07,3.86,,70.11,97.7726
2006-06-02,14.32,0.08,3.86,,72.73,97.5544
2006-06-05,16.65,0.03,3.86,,72.5,97.3681
2006-06-06,17.34,0.02,3.86,,72.43,98.1449
2006-06-07,17.8,0.0,3.86,,70.9,98.1641
2006-06-08,18.35,-0.01,3.86,,70.25,98.9313
2006-06-09,18.12,-0.03,3.86,,71.62,98.5471
2006-06-12,20.96,-0.03,3.86,,70.28,98.5494
2006-06-13,23.81,-0.05,3.86,,68.48,98.9201
2006-06-14,21.46,-0.06,3.86,,69.12,98.8338
2006-06-15,15.9,-0.04,3.86,,69.78,98.8846
2006-06-16,17.25,-0.03,3.86,,69.75,98.9127
2006-06-19,17.83,-0.05,3.86,,69.21,99.145
2006-06-20,16.69,-0.04,3.86,,69.3,99.0117
2006-06-21,15.52,-0.04,3.86,,70.07,98.5544
2006-06-22,15.88,-0.03,3.86,,70.62,99.0856
2006-06-23,15.89,-0.04,3.86,,70.5,99.4216
2006-06-26,15.62,-0.02,3.86,,71.63,99.3634
2006-06-27,16.4,-0.03,3.86,,72.05,99.219
2006-06-28,15.79,-0.04,3.86,,72.15,99.392
2006-06-29,13.03,0.01,3.86,,73.5,99.2158
2006-06-30,13.08,-0.01,3.86,,73.94,98.2483
2006-07-01,13.08,-0.01,3.86,,73.94,98.2483
2006-07-03,13.05,-0.02,3.86,,73.94,98.0371
2006-07-04,13.05,-0.02,3.86,,73.94,98.0221
2006-07-05,14.15,-0.01,3.86,,75.2,98.308
2006-07-06,13.65,-0.03,3.86,,75.0,98.138
2006-07-07,13.97,-0.03,3.86,,73.76,97.7508
2006-07-10,14.02,-0.04,3.86,,73.5,97.9813
2006-07-11,13.14,-0.07,3.86,,74.05,98.2132
2006-07-12,14.49,-0.07,3.86,,74.99,98.5202
2006-07-13,17.79,-0.04,3.86,,76.7,98.5583
2006-07-14,18.05,-0.01,3.86,,76.8,98.6814
2006-07-17,18.64,-0.05,3.86,,75.7,99.0767
2006-07-18,17.74,-0.06,3.86,,73.87,99.1341
2006-07-19,15.55,-0.06,3.86,,72.79,98.9262
2006-07-20,16.21,-0.03,3.86,,74.0,98.6014
2006-07-21,17.4,-0.03,3.86,,73.52,98.5221
2006-07-24,14.98,-0.05,3.86,,74.29,98.7795
2006-07-25,14.85,-0.04,3.86,,73.46,98.9388
2006-07-26,14.62,-0.02,3.86,,73.82,98.742
2006-07-27,14.94,0.0,3.86,,74.5,98.2283
2006-07-28,14.33,0.02,3.86,,73.3,98.0539
2006-07-31,14.95,0.02,3.86,,74.56,97.9996
2006-08-01,15.05,0.02,3.86,,74.93,98.1715
2006-08-02,14.34,-0.01,3.86,,76.16,97.9432
2006-08-03,14.46,-0.02,3.86,,75.59,98.0694
2006-08-04,14.34,0.0,3.86,,74.78,97.6005
2006-08-07,15.23,-0.03,3.86,,77.05,97.5088
2006-08-08,15.23,0.02,3.86,,76.29,97.6524
2006-08-09,15.2,0.01,3.86,,76.28,97.4402
2006-08-10,14.46,0.0,3.86,,74.17,97.8887
2006-08-11,14.3,0.01,3.86,,74.38,97.7863
2006-08-14,14.26,-0.01,3.86,,73.33,97.9677
2006-08-15,13.42,-0.01,3.86,,72.95,97.8043
2006-08-16,12.41,0.0,3.86,,71.64,97.3894
2006-08-17,12.24,-0.02,3.86,,70.12,97.3486
2006-08-18,11.64,-0.03,3.86,,70.93,97.7577
2006-08-21,12.22,-0.03,3.86,,72.45,97.3856
2006-08-22,12.19,-0.05,3.86,,72.55,97.6079
2006-08-23,12.4,-0.05,3.86,,71.45,97.5731
2006-08-24,12.4,-0.07,3.86,,72.02,97.7939
2006-08-25,12.31,-0.07,3.86,,72.13,97.8827
2006-08-28,12.18,-0.08,3.86,,70.47,97.8467
2006-08-29,12.28,-0.08,3.86,,69.74,97.7748
2006-08-30,12.22,-0.07,3.86,,70.2,97.5792
2006-08-31,12.31,-0.05,3.86,,70.38,97.644
2006-09-01,11.96,-0.04,3.86,,69.24,97.5084
2006-09-04,11.96,-0.04,3.86,,69.24,97.4981
2006-09-05,12.63,-0.02,3.86,,68.7,97.4392
2006-09-06,13.74,-0.02,3.86,,67.75,97.6087
2006-09-07,13.88,-0.02,3.86,,67.37,97.8108
2006-09-08,13.16,-0.02,3.86,,66.3,98.2119
2006-09-11,12.99,-0.03,3.86,,65.42,98.3845
2006-09-12,11.92,-0.04,3.86,,63.81,98.2781
2006-09-13,11.18,-0.03,3.86,,64.09,98.1775
2006-09-14,11.55,-0.04,3.86,,63.27,98.0088
2006-09-15,11.76,-0.07,3.86,,63.3,98.2104
2006-09-18,11.78,-0.07,3.86,,63.84,98.1332
2006-09-19,11.98,-0.05,3.86,,61.77,98.1703
2006-09-20,11.39,-0.08,3.86,,60.0,98.1556
2006-09-21,12.25,-0.06,3.86,,61.62,97.9458
2006-09-22,12.59,-0.07,3.86,,59.79,97.8667
2006-09-25,12.12,-0.07,3.86,,60.74,97.9909
2006-09-26,11.53,-0.09,3.86,,60.63,98.0555
2006-09-27,11.58,-0.06,3.86,,62.96,98.0107
2006-09-28,11.72,-0.05,3.86,,62.46,98.0381
2006-09-29,11.98,-0.07,3.86,,62.9,98.1054
2006-10-01,11.98,-0.07,3.86,,62.9,98.1054
2006-10-02,12.57,-0.04,3.86,,60.96,97.9247
2006-10-03,12.24,-0.05,3.86,,58.64,98.1267
2006-10-04,11.86,-0.03,3.86,,59.53,98.3682
2006-10-05,11.98,-0.04,3.86,,60.02,98.2776
2006-10-06,11.56,-0.04,3.86,,59.68,98.5619
2006-10-09,11.68,-0.04,3.86,,59.93,98.5702
2006-10-10,11.52,-0.07,3.86,,58.5,98.9125
2006-10-11,11.62,-0.07,3.86,,57.56,98.9146
2006-10-12,11.09,-0.06,3.86,,58.23,98.831
2006-10-13,10.75,-0.06,3.86,,58.69,98.8002
2006-10-16,11.09,-0.06,3.86,,59.91,98.71
2006-10-17,11.73,-0.05,3.86,,58.91,98.5354
2006-10-18,11.34,-0.08,3.86,,57.66,98.6164
2006-10-19,10.9,-0.06,3.86,,58.55,98.2897
2006-10-20,10.63,-0.08,3.86,,57.35,98.1629
2006-10-23,11.08,-0.07,3.86,,56.74,98.4483
2006-10-24,10.78,-0.08,3.86,,57.55,98.349
2006-10-25,10.66,-0.1,3.86,,59.09,98.2057
2006-10-26,10.56,-0.08,3.86,,60.27,97.8907
2006-10-27,10.8,-0.08,3.86,,60.75,97.4914
2006-10-30,11.2,-0.1,3.86,,58.41,97.5672
2006-10-31,11.1,-0.1,3.86,,58.72,97.3901
2006-11-01,11.51,-0.09,3.86,,58.64,97.4949
2006-11-02,11.42,-0.07,3.86,,57.87,97.6556
2006-11-03,11.16,-0.1,3.86,,59.13,97.7209
2006-11-06,11.16,-0.11,3.86,,60.11,97.806
2006-11-07,11.09,-0.11,3.86,,58.94,97.4453
2006-11-08,10.75,-0.11,3.86,,59.93,97.58
2006-11-09,11.01,-0.13,3.86,,61.18,97.5041
2006-11-10,10.79,-0.14,3.86,,59.66,97.4638
2006-11-13,10.86,-0.15,3.86,,58.59,97.7904
2006-11-14,10.5,-0.17,3.86,,58.28,97.7475
2006-11-15,10.31,-0.19,3.86,,58.79,97.8359
2006-11-16,10.16,-0.19,3.86,,56.23,97.8098
2006-11-17,10.05,-0.15,3.86,,55.9,97.9855
2006-11-20,9.97,-0.16,3.86,,56.42,98.0254
2006-11-21,9.9,-0.17,3.86,,58.01,98.0215
2006-11-22,10.14,-0.17,3.86,,57.28,97.5315
2006-11-23,10.14,-0.17,3.86,,57.28,97.5314
2006-11-24,10.73,-0.18,3.86,,57.28,97.0657
2006-11-27,12.3,-0.17,3.86,,60.3,96.9986
2006-11-28,11.62,-0.16,3.86,,60.97,96.8428
2006-11-29,10.83,-0.17,3.86,,62.45,96.8577
2006-11-30,10.91,-0.16,3.86,,62.97,96.5779
2006-12-01,11.66,-0.09,3.86,,63.43,96.4585
2006-12-04,11.23,-0.09,3.86,,62.39,96.4319
2006-12-05,11.27,-0.07,3.86,,62.4,96.2082
2006-12-06,11.33,-0.11,3.86,,62.2,96.2839
2006-12-07,12.67,-0.09,3.86,,62.54,96.3207
2006-12-08,12.07,-0.12,3.86,,62.06,96.6123
2006-12-11,10.71,-0.15,3.86,,61.26,96.6646
2006-12-12,10.65,-0.12,3.86,,61.06,96.7119
2006-12-13,10.18,-0.12,3.86,,61.34,96.7296
2006-12-14,9.97,-0.13,3.86,,62.48,96.7946
2006-12-15,10.05,-0.13,3.86,,63.4,96.9857
2006-12-18,10.6,-0.11,3.86,,62.19,97.1559
2006-12-19,10.3,-0.11,3.86,,62.87,96.9313
2006-12-20,10.26,-0.11,3.86,,63.08,96.7762
2006-12-21,10.53,-0.11,3.86,,62.05,96.9148
2006-12-22,11.36,-0.08,3.86,,61.81,97.1113
2006-12-25,11.36,-0.08,3.86,,61.81,97.1221
2006-12-26,11.26,-0.1,3.86,,61.07,97.1786
2006-12-27,10.64,-0.11,3.86,,60.31,97.2076
2006-12-28,10.99,-0.12,3.86,,60.39,97.0656
2006-12-29,11.56,-0.11,3.86,,60.85,97.0312
2007-01-01,11.56,-0.11,3.86,,60.85,97.0323
2007-01-02,11.56,-0.12,3.86,,60.77,97.0323
2007-01-03,12.04,-0.09,3.86,,58.31,97.1281
2007-01-04,11.51,-0.09,3.86,,55.65,97.5251
2007-01-05,12.14,-0.11,3.86,,56.29,97.7801
2007-01-08,12.0,-0.12,3.86,,56.08,97.788
2007-01-09,11.91,-0.13,3.86,,55.65,97.9642
2007-01-10,11.47,-0.12,3.86,,53.95,98.0943
2007-01-11,10.87,-0.12,3.86,,51.91,98.0845
2007-01-12,10.15,-0.11,3.86,,52.96,97.921
2007-01-15,10.15,-0.11,3.86,,52.96,97.9201
2007-01-16,10.74,-0.11,3.86,,51.23,97.9816
2007-01-17,10.59,-0.12,3.86,,52.3,97.7509
2007-01-18,10.85,-0.14,3.86,,50.51,97.8286
2007-01-19,10.4,-0.15,3.86,,51.98,97.6868
2007-01-22,10.77,-0.15,3.86,,51.11,97.827
2007-01-23,10.34,-0.13,3.86,,53.61,97.8117
2007-01-24,9.89,-0.12,3.86,,54.24,97.908
2007-01-25,11.22,-0.11,3.86,,53.49,97.8396
2007-01-26,11.13,-0.11,3.86,,55.38,98.1491
2007-01-29,11.45,-0.09,3.86,,54.01,98.2066
2007-01-30,10.96,-0.1,3.86,,57.03,98.1515
2007-01-31,10.42,-0.11,3.86,,58.17,97.964
2007-02-01,10.31,-0.12,3.86,,57.35,97.7101
2007-02-02,10.08,-0.11,3.86,,59.01,97.9743
2007-02-05,10.55,-0.11,3.86,,58.69,97.87
2007-02-06,10.65,-0.13,3.86,,58.91,97.7357
2007-02-07,10.32,-0.13,3.86,,57.75,97.7239
2007-02-08,10.44,-0.14,3.86,,59.76,97.8169
2007-02-09,11.1,-0.13,3.86,,59.86,97.7076
2007-02-12,11.61,-0.14,3.86,,57.76,97.9409
2007-02-13,10.34,-0.13,3.86,,58.98,97.7063
2007-02-14,10.23,-0.13,3.86,,58.0,97.2779
2007-02-15,10.22,-0.13,3.86,,57.92,97.1588
2007-02-16,10.02,-0.14,3.86,,59.38,97.164
2007-02-19,10.02,-0.14,3.86,,59.38,97.1545
2007-02-20,10.24,-0.13,3.86,,58.32,97.321
2007-02-21,10.2,-0.13,3.86,,59.4,97.27
2007-02-22,10.18,-0.14,3.86,,60.28,97.266
2007-02-23,10.58,-0.14,3.86,,60.28,97.1756
2007-02-26,11.15,-0.14,3.86,,61.41,97.2281
2007-02-27,18.31,-0.09,3.86,,61.46,97.0883
2007-02-28,15.42,-0.09,3.86,,61.78,97.2386
2007-03-01,15.82,-0.07,3.86,,61.97,97.3358
2007-03-02,18.61,-0.04,3.86,,61.58,97.3691
2007-03-05,19.63,-0.02,3.86,,60.05,97.6716
2007-03-06,15.96,-0.05,3.86,,60.66,97.5123
2007-03-07,15.24,-0.04,3.86,,61.85,97.4558
2007-03-08,14.29,-0.05,3.86,,61.63,97.5731
2007-03-09,14.09,-0.07,3.86,,60.06,97.4559
2007-03-12,13.99,-0.06,3.86,,58.94,97.3013
2007-03-13,18.13,-0.02,3.86,,58.03,97.2203
2007-03-14,17.27,-0.01,3.86,,58.15,97.2759
2007-03-15,16.43,-0.03,3.86,,57.52,97.2476
2007-03-16,16.79,-0.03,3.86,,57.06,97.0407
2007-03-19,14.59,-0.03,3.86,,56.65,97.1062
2007-03-20,13.27,-0.04,3.86,,56.41,96.7985
2007-03-21,12.19,0.02,3.86,,56.98,96.6195
2007-03-22,12.93,0.02,3.86,,60.21,96.3893
2007-03-23,12.95,0.02,3.86,,61.07,96.5662
2007-03-26,13.16,0.04,3.86,,61.77,96.5493
2007-03-27,13.48,0.04,3.86,,62.98,96.4558
2007-03-28,14.98,0.09,3.86,,64.11,96.4894
2007-03-29,15.14,0.06,3.86,,66.1,96.5067
2007-03-30,14.64,0.07,3.86,,65.94,96.3183
2007-04-01,14.64,0.07,3.86,,65.94,96.3183
2007-04-02,14.53,0.05,3.86,,66.03,96.3175
2007-04-03,13.46,0.04,3.86,,64.59,96.3774
2007-04-04,13.24,0.05,3.86,,64.4,96.3646
2007-04-05,13.23,0.05,3.86,,64.26,96.1188
2007-04-06,13.23,0.01,3.86,,64.26,96.2526
2007-04-09,13.14,0.02,3.86,,61.51,96.293
2007-04-10,12.68,0.02,3.86,,61.92,96.1179
2007-04-11,13.49,0.01,3.86,,61.98,96.0293
2007-04-12,12.71,0.01,3.86,,63.87,95.7999
2007-04-13,12.2,0.0,3.86,,63.63,95.711
2007-04-16,11.98,0.0,3.86,,63.63,95.5538
2007-04-17,12.14,0.01,3.86,,63.14,95.3832
2007-04-18,12.42,0.02,3.86,,63.14,95.3109
2007-04-19,12.54,0.04,3.86,,61.81,95.2712
2007-04-20,12.07,0.04,3.86,,63.56,95.1692
2007-04-23,13.04,0.04,3.86,,65.33,95.1833
2007-04-24,13.12,0.05,3.86,,64.1,95.1608
2007-04-25,13.21,0.03,3.86,,65.33,94.8497
2007-04-26,12.79,0.02,3.86,,65.08,95.1653
2007-04-27,12.45,0.04,3.86,,66.45,95.0103
2007-04-30,14.22,0.03,3.86,,65.78,94.8365
2007-05-01,13.51,0.01,3.86,,64.43,95.0037
2007-05-02,13.08,0.0,3.86,,63.78,95.0352
2007-05-03,13.09,-0.03,3.86,,63.23,95.0167
2007-05-04,12.91,-0.03,3.86,,61.89,94.9118
2007-05-07,13.15,-0.04,3.86,,61.48,94.6914
2007-05-08,13.21,-0.05,3.86,,62.26,94.8648
2007-05-09,12.88,-0.06,3.86,,61.54,94.7933
2007-05-10,13.6,-0.05,3.86,,61.85,94.9506
2007-05-11,12.95,-0.04,3.86,,62.35,95.0035
2007-05-14,13.96,-0.04,3.86,,62.55,94.8267
2007-05-15,14.01,-0.04,3.86,,63.16,94.5574
2007-05-16,13.5,-0.02,3.86,,62.57,94.8143
2007-05-17,13.51,-0.02,3.86,,64.83,94.8339
2007-05-18,12.76,-0.01,3.86,,64.93,94.6573
2007-05-21,13.3,-0.02,3.86,,66.25,94.7026
2007-05-22,13.06,0.0,3.86,,64.91,94.5753
2007-05-23,13.24,0.01,3.86,,65.1,94.4557
2007-05-24,14.08,0.01,3.86,,63.62,94.7025
2007-05-25,13.34,0.01,3.86,,64.59,94.5022
2007-05-28,13.34,0.01,3.86,,64.59,94.4959
2007-05-29,13.53,0.0,3.86,,63.19,94.3533
2007-05-30,12.83,-0.01,3.86,,63.47,94.549
2007-05-31,13.05,-0.02,3.86,,64.02,94.3215
2007-06-01,12.78,-0.02,3.86,,65.09,94.132
2007-06-04,13.29,-0.04,3.86,,66.17,93.9969
2007-06-05,13.63,-0.01,3.86,,65.63,93.9986
2007-06-06,14.87,0.0,3.86,,65.97,94.1217
2007-06-07,17.06,0.08,3.86,,66.93,94.3537
2007-06-08,14.84,0.11,3.86,,64.78,94.7599
2007-06-11,14.71,0.13,3.86,,65.93,94.6576
2007-06-12,16.67,0.18,3.86,,65.36,94.6991
2007-06-13,14.73,0.12,3.86,,66.17,94.9011
2007-06-14,13.64,0.13,3.86,,67.62,94.9029
2007-06-15,13.94,0.11,3.86,,68.04,94.6228
2007-06-18,13.42,0.14,3.86,,69.06,94.5475
2007-06-19,12.85,0.15,3.86,,69.15,94.3227
2007-06-20,14.67,0.17,3.86,,68.5,94.3618
2007-06-21,14.21,0.18,3.86,,68.35,94.6073
2007-06-22,15.75,0.22,3.86,,68.85,94.4371
2007-06-25,16.65,0.22,3.86,,68.83,94.5105
2007-06-26,18.89,0.2,3.86,,67.78,94.4678
2007-06-27,15.53,0.18,3.86,,68.98,94.5633
2007-06-28,15.54,0.16,3.86,,69.61,94.2395
2007-06-29,16.23,0.16,3.86,,70.47,94.1393
2007-07-01,16.23,0.16,3.86,,70.47,94.1393
2007-07-02,15.4,0.14,3.86,,71.11,93.634
2007-07-03,14.92,0.16,3.86,,71.41,93.697
2007-07-04,14.92,0.16,3.86,,71.41,93.6965
2007-07-05,15.48,0.17,3.86,,71.81,93.7653
2007-07-06,14.72,0.2,3.86,,72.8,93.5759
2007-07-09,15.16,0.19,3.86,,72.14,93.5519
2007-07-10,17.57,0.18,3.86,,72.8,93.3339
2007-07-11,16.64,0.2,3.86,,72.58,93.3089
2007-07-12,15.54,0.19,3.86,,72.55,93.1198
2007-07-13,15.15,0.17,3.86,,73.89,93.0133
2007-07-16,15.59,0.16,3.86,,74.11,92.9094
2007-07-17,15.63,0.17,3.86,,74.03,92.9095
2007-07-18,16.0,0.18,3.86,,75.03,92.7959
2007-07-19,15.23,0.17,3.86,,75.9,92.7332
2007-07-20,16.95,0.17,3.86,,75.53,92.7179
2007-07-23,16.81,0.17,3.86,,74.65,92.6585
2007-07-24,18.55,0.17,3.86,,73.38,92.505
2007-07-25,18.1,0.18,3.86,,75.74,92.9189
2007-07-26,20.74,0.23,3.86,,74.96,93.1186
2007-07-27,24.17,0.24,3.86,,77.03,93.5485
2007-07-30,20.87,0.23,3.86,,76.82,93.5918
2007-07-31,23.52,0.22,3.86,,78.2,93.4264
2007-08-01,23.67,0.2,3.86,,76.49,93.4011
2007-08-02,21.22,0.18,3.86,,76.84,93.3038
2007-08-03,25.16,0.25,3.86,,75.41,93.1039
2007-08-06,22.94,0.26,3.86,,72.03,93.1112
2007-08-07,21.56,0.21,3.86,,72.25,93.3171
2007-08-08,21.45,0.2,3.86,,72.23,93.0989
2007-08-09,26.48,0.3,3.86,,71.62,93.441
2007-08-10,28.3,0.34,3.86,,71.49,93.5214
2007-08-13,26.57,0.32,3.86,,71.6,93.6032
2007-08-14,27.68,0.34,3.86,,72.4,94.0416
2007-08-15,30.67,0.42,3.86,,73.36,94.5014
2007-08-16,30.83,0.52,3.86,,70.99,94.9055
2007-08-17,29.99,0.5,3.86,,71.9,94.319
2007-08-20,26.33,0.53,3.86,,71.12,94.2138
2007-08-21,25.25,0.55,3.86,,69.49,94.2676
2007-08-22,22.89,0.48,3.86,,69.3,94.0998
2007-08-23,22.62,0.42,3.86,,69.86,93.9827
2007-08-24,20.72,0.33,3.86,,71.17,93.6863
2007-08-27,22.72,0.32,3.86,,71.98,93.6109
2007-08-28,26.3,0.4,3.86,,71.79,93.8394
2007-08-29,23.81,0.43,3.86,,73.52,93.7174
2007-08-30,25.06,0.43,3.86,,73.37,93.7324
2007-08-31,23.38,0.39,3.86,,73.98,93.6674
2007-09-01,23.38,0.39,3.86,,73.98,93.6674
2007-09-03,23.38,0.39,3.86,,73.98,93.6691
2007-09-04,22.78,0.43,3.86,,75.07,93.6433
2007-09-05,24.58,0.45,3.86,,75.74,93.5453
2007-09-06,23.99,0.43,3.86,,76.34,93.4468
2007-09-07,26.23,0.48,3.86,,76.7,93.2939
2007-09-10,27.38,0.47,3.86,,77.53,93.2349
2007-09-11,25.27,0.42,3.86,,78.16,92.9244
2007-09-12,24.96,0.46,3.86,,79.85,92.6386
2007-09-13,24.76,0.41,3.86,,80.05,92.6172
2007-09-14,24.92,0.42,3.86,,79.14,92.7083
2007-09-17,26.48,0.4,3.86,,80.55,92.823
2007-09-18,20.35,0.5,3.86,,81.51,92.6584
2007-09-19,20.03,0.53,3.86,,81.99,92.1534
2007-09-20,20.45,0.59,3.86,,83.85,91.4212
2007-09-21,19.0,0.58,3.86,,83.38,91.4854
2007-09-24,19.37,0.58,3.86,,82.51,91.4017
2007-09-25,18.6,0.63,3.86,,81.2,91.3392
2007-09-26,17.63,0.66,3.86,,80.31,91.4335
2007-09-27,17.0,0.63,3.86,,82.86,91.3497
2007-09-28,18.0,0.62,3.86,,81.64,90.9446
2007-10-01,17.84,0.54,3.86,,80.31,90.8801
2007-10-02,18.49,0.56,3.86,,80.0,91.12
2007-10-03,18.8,0.53,3.86,,79.97,91.1038
2007-10-04,18.44,0.54,3.86,,81.48,91.1632
2007-10-05,16.91,0.57,3.86,,81.2,90.7393
2007-10-08,17.46,0.57,3.86,,78.97,90.748
2007-10-09,16.12,0.52,3.86,,80.23,90.8609
2007-10-10,16.67,0.5,3.86,,81.3,90.7154
2007-10-11,18.88,0.53,3.86,,83.05,90.4901
2007-10-12,17.73,0.47,3.86,,83.73,90.5945
2007-10-15,19.25,0.47,3.86,,86.19,90.5387
2007-10-16,20.02,0.54,3.86,,87.58,90.7123
2007-10-17,18.54,0.57,3.86,,87.19,90.515
2007-10-18,18.5,0.59,3.86,,89.48,90.3084
2007-10-19,22.96,0.61,3.86,,88.58,90.1014
2007-10-22,21.64,0.57,3.86,,87.6,90.6777
2007-10-23,20.41,0.6,3.86,,86.45,90.1899
2007-10-24,20.8,0.62,3.86,,88.3,90.2262
2007-10-25,21.17,0.63,3.86,,92.09,89.9925
2007-10-26,19.56,0.64,3.86,,91.73,89.6508
2007-10-29,19.87,0.6,3.86,,93.45,89.4118
2007-10-30,21.07,0.58,3.86,,90.33,89.3252
2007-10-31,18.53,0.54,3.86,,94.16,89.1389
2007-11-01,23.21,0.59,3.86,,93.53,89.1628
2007-11-02,23.01,0.65,3.86,,95.81,88.8924
2007-11-05,24.31,0.66,3.86,,94.06,88.8851
2007-11-06,21.39,0.68,3.86,,96.65,88.4938
2007-11-07,26.49,0.73,3.86,,96.46,88.0631
2007-11-08,26.16,0.81,3.86,,95.51,88.2631
2007-11-09,28.5,0.81,3.86,,96.36,88.4615
2007-11-12,31.09,0.81,3.86,,94.4,88.465
2007-11-13,24.1,0.72,3.86,,91.18,89.1016
2007-11-14,25.94,0.71,3.86,,94.02,88.9671
2007-11-15,28.06,0.82,3.86,,93.37,89.4413
2007-11-16,25.49,0.82,3.86,,94.81,89.3182
2007-11-19,26.01,0.89,3.86,,95.75,89.5262
2007-11-20,24.88,0.92,3.86,,99.16,89.2622
2007-11-21,26.84,1.01,3.86,,98.57,89.3352
2007-11-22,26.84,1.01,3.86,,98.57,89.3269
2007-11-23,25.61,0.94,3.86,,98.24,89.2384
2007-11-26,28.91,0.91,3.86,,97.66,89.145
2007-11-27,26.28,0.9,3.86,,94.39,89.4082
2007-11-28,24.11,0.86,3.86,,90.71,89.4195
2007-11-29,23.97,0.88,3.86,,90.98,89.3681
2007-11-30,22.87,0.93,3.86,,88.6,89.6212
2007-12-01,22.87,0.93,3.86,,88.6,89.6212
2007-12-03,23.61,0.99,3.86,,89.29,89.6403
2007-12-04,23.79,0.99,3.86,,88.31,89.6672
2007-12-05,22.53,1.02,3.86,,87.45,89.8751
2007-12-06,20.96,0.99,3.86,,90.25,89.9268
2007-12-07,20.85,1.0,3.86,,88.23,89.74
2007-12-10,20.74,0.98,3.86,,87.72,89.6811
2007-12-11,23.59,1.04,3.86,,90.12,89.7176
2007-12-12,22.47,0.98,3.86,,94.41,89.7349
2007-12-13,22.56,0.97,3.86,,92.35,90.1374
2007-12-14,23.27,0.93,3.86,,91.31,90.4345
2007-12-17,24.52,0.96,3.86,,90.69,90.5363
2007-12-18,22.64,0.95,3.86,,89.93,90.5602
2007-12-19,21.68,0.94,3.86,,91.11,90.6147
2007-12-20,20.58,0.95,3.86,,90.88,90.4695
2007-12-21,18.47,0.99,3.86,,93.19,90.3672
2007-12-24,18.6,0.99,3.86,,94.0,90.1788
2007-12-25,18.6,0.99,3.86,,94.0,90.1786
2007-12-26,18.66,0.99,3.86,,95.89,89.9226
2007-12-27,20.26,0.97,3.86,,96.63,89.684
2007-12-28,20.74,0.99,3.86,,96.03,89.4069
2007-12-31,22.5,0.99,3.86,,95.95,89.6304
2008-01-01,22.5,0.99,3.86,,95.95,89.6297
2008-01-02,23.17,1.03,3.86,,99.64,89.3514
2008-01-03,22.49,1.08,3.86,,99.17,89.231
2008-01-04,23.94,1.14,3.86,,97.9,89.2467
2008-01-07,23.79,1.1,3.86,,95.08,89.5718
2008-01-08,25.43,1.1,3.86,,96.43,89.3398
2008-01-09,24.12,1.13,3.86,,95.64,89.6807
2008-01-10,23.45,1.2,3.86,,93.92,89.6226
2008-01-11,23.68,1.23,3.86,,92.74,89.5215
2008-01-14,22.9,1.23,3.86,,94.23,89.2749
2008-01-15,23.34,1.19,3.86,,91.87,89.1555
2008-01-16,24.38,1.23,3.86,,90.8,89.6701
2008-01-17,28.46,1.22,3.86,,90.11,89.6484
2008-01-18,27.18,1.3,3.86,,90.55,89.8993
2008-01-21,27.18,1.3,3.86,,90.55,89.9265
2008-01-22,31.01,1.44,3.86,,89.64,89.84
2008-01-23,29.02,1.42,3.86,,87.65,89.9138
2008-01-24,27.78,1.43,3.86,,89.98,89.203
2008-01-25,29.08,1.38,3.86,,90.37,89.2184
2008-01-28,27.78,1.41,3.86,,90.99,88.9555
2008-01-29,27.32,1.4,3.86,,91.66,88.8342
2008-01-30,27.62,1.48,3.86,,92.34,88.7442
2008-01-31,26.2,1.5,3.86,,91.67,88.6547
2008-02-01,24.02,1.53,3.86,,89.03,88.4824
2008-02-04,25.99,1.6,3.86,,90.07,88.4788
2008-02-05,28.24,1.68,3.86,,88.32,89.076
2008-02-06,28.97,1.65,3.86,,87.16,88.9987
2008-02-07,27.66,1.75,3.86,,88.07,89.4221
2008-02-08,28.01,1.71,3.86,,91.77,89.2226
2008-02-11,27.6,1.69,3.86,,93.56,89.2149
2008-02-12,26.33,1.72,3.86,,92.82,88.9539
2008-02-13,24.88,1.79,3.86,,93.28,89.1382
2008-02-14,25.54,1.92,3.86,,95.42,88.9055
2008-02-15,25.02,1.85,3.86,,95.57,88.9006
2008-02-18,25.02,1.85,3.86,,95.57,88.9004
2008-02-19,25.59,1.83,3.86,,99.99,88.9626
2008-02-20,24.4,1.79,3.86,,100.86,89.2572
2008-02-21,25.12,1.79,3.86,,98.57,88.716
2008-02-22,24.06,1.81,3.86,,99.03,88.7082
2008-02-25,23.03,1.78,3.86,,99.4,88.5373
2008-02-26,21.9,1.84,3.86,,100.83,88.0998
2008-02-27,22.69,1.84,3.86,,99.59,87.3353
2008-02-28,23.53,1.84,3.86,,102.6,87.0363
2008-02-29,26.54,1.88,3.86,,101.78,87.1654
2008-03-01,26.54,1.88,3.86,,101.78,87.1654
2008-03-03,26.28,1.93,3.86,,102.42,87.2381
2008-03-04,25.52,1.98,3.86,,99.72,87.3039
2008-03-05,24.6,2.04,3.86,,104.45,87.1347
2008-03-06,27.55,2.09,3.86,,105.51,86.9105
2008-03-07,27.49,2.03,3.86,,105.12,87.1258
2008-03-10,29.38,1.99,3.86,,107.9,87.1452
2008-03-11,26.36,1.86,3.86,,108.73,87.1763
2008-03-12,27.22,1.86,3.86,,109.86,86.728
2008-03-13,27.29,1.93,3.86,,110.21,86.3891
2008-03-14,31.16,1.97,3.86,,110.03,86.4301
2008-03-17,32.24,1.99,3.86,,105.74,86.3417
2008-03-18,25.79,1.9,3.86,,109.57,86.1191
2008-03-19,29.84,1.84,3.86,,103.25,86.5755
2008-03-20,26.62,1.75,3.86,,102.57,87.3293
2008-03-21,26.62,1.75,3.86,,102.57,87.2111
2008-03-24,25.73,1.72,3.86,,101.7,87.3103
2008-03-25,25.72,1.72,3.86,,101.78,86.8339
2008-03-26,26.08,1.8,3.86,,105.83,86.5513
2008-03-27,25.88,1.83,3.86,,107.56,86.4583
2008-03-28,25.71,1.8,3.86,,105.59,86.6369
2008-03-31,25.61,1.83,3.86,,101.54,86.6881
2008-04-01,22.68,1.77,3.86,,100.92,87.0276
2008-04-02,23.43,1.72,3.86,,104.83,86.8886
2008-04-03,23.21,1.7,3.86,,103.92,86.6424
2008-04-04,22.45,1.67,3.86,,106.09,86.5108
2008-04-07,22.42,1.62,3.86,,108.91,86.603
2008-04-08,22.36,1.71,3.86,,108.54,86.7369
2008-04-09,22.81,1.72,3.86,,110.89,86.5764
2008-04-10,21.98,1.71,3.86,,110.07,86.5131
2008-04-11,23.46,1.73,3.86,,110.14,86.5029
2008-04-14,23.82,1.75,3.86,,111.71,86.3492
2008-04-15,22.78,1.76,3.86,,113.77,86.4705
2008-04-16,20.53,1.74,3.86,,114.8,85.9037
2008-04-17,20.37,1.62,3.86,,114.8,86.1077
2008-04-18,20.13,1.58,3.86,,116.56,86.5277
2008-04-21,20.5,1.55,3.86,,117.48,86.2979
2008-04-22,20.87,1.5,3.86,,119.17,85.927
2008-04-23,20.26,1.55,3.86,,119.28,86.3841
2008-04-24,20.06,1.46,3.86,,117.1,86.7154
2008-04-25,19.59,1.47,3.86,,119.64,86.8337
2008-04-28,19.64,1.5,3.86,,118.78,86.7635
2008-04-29,20.24,1.5,3.86,,115.67,86.873
2008-04-30,20.79,1.48,3.86,,113.7,86.8907
2008-05-01,18.88,1.41,3.86,,112.6,87.1347
2008-05-02,18.18,1.42,3.86,,116.36,87.2311
2008-05-05,18.9,1.46,3.86,,119.94,87.0636
2008-05-06,18.21,1.55,3.86,,121.82,86.847
2008-05-07,19.73,1.56,3.86,,123.56,87.3421
2008-05-08,19.4,1.54,3.86,,123.77,87.4575
2008-05-09,19.41,1.52,3.86,,125.94,87.2528
2008-05-12,17.79,1.48,3.86,,124.02,87.0403
2008-05-13,17.98,1.43,3.86,,125.83,87.1332
2008-05-14,17.66,1.39,3.86,,124.21,87.3659
2008-05-15,16.3,1.38,3.86,,124.25,87.1823
2008-05-16,16.47,1.38,3.86,,126.5,86.7855
2008-05-19,17.01,1.41,3.86,,127.15,86.8225
2008-05-20,17.58,1.44,3.86,,128.93,86.5627
2008-05-21,18.59,1.4,3.86,,132.99,86.1595
2008-05-22,18.05,1.36,3.86,,130.04,86.3223
2008-05-23,19.55,1.39,3.86,,131.58,86.1922
2008-05-26,19.55,1.39,3.86,,131.58,86.19
2008-05-27,19.64,1.38,3.86,,128.81,86.4459
2008-05-28,19.07,1.41,3.86,,131.0,86.4951
2008-05-29,18.14,1.41,3.86,,126.7,86.5616
2008-05-30,17.83,1.4,3.86,,127.35,86.5504
2008-06-01,17.83,1.4,3.86,,127.35,86.5504
2008-06-02,19.83,1.47,3.86,,127.75,86.6321
2008-06-03,20.24,1.47,3.86,,124.33,86.8359
2008-06-04,20.8,1.51,3.86,,122.3,87.0999
2008-06-05,18.63,1.54,3.86,,127.93,87.0968
2008-06-06,23.56,1.54,3.86,,138.51,86.8028
2008-06-09,23.12,1.29,3.86,,134.44,86.9096
2008-06-10,23.18,1.2,3.86,,131.38,87.4705
2008-06-11,24.12,1.27,3.86,,136.43,87.2059
2008-06-12,23.33,1.2,3.86,,136.91,87.6187
2008-06-13,21.22,1.22,3.86,,134.84,87.7622
2008-06-16,20.95,1.23,3.86,,134.52,87.3911
2008-06-17,21.13,1.29,3.86,,133.99,87.2103
2008-06-18,22.24,1.27,3.86,,136.54,87.1872
2008-06-19,21.58,1.23,3.86,,131.88,87.0815
2008-06-20,22.87,1.28,3.86,,134.78,86.9036
2008-06-23,22.64,1.21,3.86,,135.98,87.2163
2008-06-24,22.42,1.23,3.86,,136.49,86.9666
2008-06-25,21.14,1.3,3.86,,133.92,87.0535
2008-06-26,23.93,1.39,3.86,,138.91,86.6793
2008-06-27,23.44,1.34,3.86,,139.69,86.643
2008-06-30,23.95,1.36,3.86,,139.96,86.7621
2008-07-01,23.65,1.38,3.86,,141.06,86.8447
2008-07-02,25.92,1.39,3.86,,143.74,86.4782
2008-07-03,24.79,1.45,3.86,,145.31,86.8843
2008-07-04,24.79,1.45,3.86,,145.31,86.8781
2008-07-07,25.78,1.48,3.86,,141.38,86.9617
2008-07-08,23.15,1.44,3.86,,136.06,86.9778
2008-07-09,25.23,1.44,3.86,,135.88,86.5335
2008-07-10,25.59,1.39,3.86,,141.47,86.5122
2008-07-11,27.49,1.37,3.86,,144.96,86.221
2008-07-14,28.48,1.43,3.86,,145.16,86.1079
2008-07-15,28.54,1.48,3.86,,138.68,85.8731
2008-07-16,25.1,1.53,3.86,,134.63,85.9285
2008-07-17,25.01,1.49,3.86,,129.43,85.9387
2008-07-18,24.05,1.45,3.86,,128.94,86.0735
2008-07-21,23.05,1.43,3.86,,131.43,86.0151
2008-07-22,21.18,1.4,3.86,,127.25,86.1909
2008-07-23,21.31,1.35,3.86,,123.73,86.2664
2008-07-24,23.44,1.42,3.86,,124.62,86.4017
2008-07-25,22.91,1.43,3.86,,122.59,86.3916
2008-07-28,24.23,1.47,3.86,,124.72,86.4666
2008-07-29,22.03,1.44,3.86,,122.21,86.8175
2008-07-30,21.21,1.43,3.86,,126.74,86.8167
2008-07-31,22.94,1.47,3.86,,124.17,86.8567
2008-08-01,22.57,1.46,3.86,,125.03,86.8257
2008-08-04,23.49,1.45,3.86,,121.45,87.0611
2008-08-05,21.14,1.5,3.86,,118.71,87.3281
2008-08-06,20.23,1.5,3.86,,118.57,87.6004
2008-08-07,21.15,1.49,3.86,,119.84,87.8732
2008-08-08,20.66,1.43,3.86,,115.42,88.8939
2008-08-11,20.12,1.43,3.86,,114.44,89.035
2008-08-12,21.17,1.46,3.86,,113.1,89.1916
2008-08-13,21.55,1.44,3.86,,115.96,89.3211
2008-08-14,20.34,1.44,3.86,,115.05,89.3675
2008-08-15,19.58,1.44,3.86,,113.46,89.7244
2008-08-18,20.98,1.47,3.86,,112.92,89.5966
2008-08-19,21.28,1.51,3.86,,114.39,89.6465
2008-08-20,20.42,1.54,3.86,,115.48,89.6977
2008-08-21,19.82,1.51,3.86,,121.23,88.9128
2008-08-22,18.81,1.45,3.86,,114.48,89.2381
2008-08-25,20.97,1.46,3.86,,114.85,89.3094
2008-08-26,20.49,1.44,3.86,,116.31,89.7007
2008-08-27,19.76,1.46,3.86,,118.17,89.6419
2008-08-28,19.43,1.42,3.86,,115.58,89.8225
2008-08-29,20.65,1.47,3.86,,115.55,90.0567
2008-09-01,20.65,1.47,3.86,,115.55,90.08
2008-09-02,21.99,1.48,3.86,,109.63,90.8438
2008-09-03,21.43,1.45,3.86,,109.38,90.8286
2008-09-04,24.03,1.44,3.86,,107.99,91.1621
2008-09-05,23.06,1.43,3.86,,106.47,91.341
2008-09-08,22.64,1.36,3.86,,106.35,91.663
2008-09-09,25.47,1.39,3.86,,103.23,91.5779
2008-09-10,24.52,1.43,3.86,,102.66,92.1283
2008-09-11,24.39,1.46,3.86,,100.95,92.4901
2008-09-12,25.66,1.51,3.86,,101.19,91.4706
2008-09-15,31.7,1.69,3.86,,95.52,91.757
2008-09-16,30.3,1.59,3.86,,91.49,92.0594
2008-09-17,36.22,1.77,3.86,,97.39,92.0982
2008-09-18,33.1,1.76,3.86,,97.5,91.7111
2008-09-19,32.07,1.62,3.86,,104.05,91.0014
2008-09-22,33.85,1.7,3.86,,122.61,90.1119
2008-09-23,35.72,1.74,3.86,,107.85,90.1221
2008-09-24,35.19,1.77,3.86,,106.84,90.4602
2008-09-25,32.82,1.72,3.86,,111.54,90.4651
2008-09-26,34.74,1.74,3.86,,106.77,90.6872
2008-09-29,46.72,1.91,3.86,,96.29,91.3961
2008-09-30,39.39,1.85,3.86,,100.7,92.3773
2008-10-01,39.81,1.95,3.86,,98.23,92.511
2008-10-02,45.26,2.04,3.86,,93.84,93.3792
2008-10-03,45.14,2.03,3.86,,93.91,93.5414
2008-10-06,52.05,2.05,3.86,,88.15,95.1629
2008-10-07,53.68,2.03,3.86,,90.18,95.4889
2008-10-08,57.53,2.07,3.86,,88.94,96.9684
2008-10-09,63.92,2.19,3.86,,86.5,96.5143
2008-10-10,69.95,2.27,3.86,,77.44,97.999
2008-10-13,54.99,2.27,3.86,,81.17,97.9686
2008-10-14,55.13,2.26,3.86,,78.69,96.2544
2008-10-15,69.25,2.4,3.86,,74.38,97.2045
2008-10-16,67.61,2.38,3.86,,69.81,98.368
2008-10-17,70.33,2.34,3.86,,71.9,97.7255
2008-10-20,52.97,2.2,3.86,,74.08,98.1605
2008-10-21,53.11,2.18,3.86,,71.29,99.4242
2008-10-22,69.65,2.12,3.86,,66.92,101.2131
2008-10-23,67.8,2.09,3.86,,67.17,101.1071
2008-10-24,79.13,2.19,3.86,,63.34,101.8442
2008-10-27,80.06,2.2,3.86,,61.92,102.3415
2008-10-28,66.96,2.24,3.86,,62.8,102.4236
2008-10-29,69.96,2.35,3.86,,67.45,100.0967
2008-10-30,62.9,2.41,3.86,,65.79,99.4568
2008-10-31,59.89,2.45,3.86,,68.1,99.7662
2008-11-01,59.89,2.45,3.86,,68.1,99.7662
2008-11-03,53.68,2.51,3.86,,63.93,99.4345
2008-11-04,47.73,2.42,3.86,,70.41,97.9957
2008-11-05,54.56,2.37,3.86,,65.41,98.0953
2008-11-06,63.68,2.47,3.86,,60.72,99.5364
2008-11-07,56.1,2.5,3.86,,61.06,99.3944
2008-11-10,59.98,2.55,3.86,,62.19,99.5897
2008-11-11,61.44,2.55,3.86,,59.38,99.6041
2008-11-12,66.46,2.56,3.86,,55.95,101.1947
2008-11-13,59.83,2.6,3.86,,58.31,101.774
2008-11-14,66.31,2.5,3.86,,57.18,100.9705
2008-11-17,69.15,2.46,3.86,,55.14,101.1029
2008-11-18,67.64,2.38,3.86,,54.42,101.3965
2008-11-19,74.26,2.29,3.86,,53.64,101.8804
2008-11-20,80.86,2.1,3.86,,48.86,103.2737
2008-11-21,72.67,2.11,3.86,,49.22,103.6289
2008-11-24,64.7,2.04,3.86,,53.63,101.502
2008-11-25,60.9,1.96,3.86,,50.02,100.7997
2008-11-26,54.92,1.9,3.86,,54.2,101.2566
2008-11-27,54.92,1.9,3.86,,54.2,101.2564
2008-11-28,55.84,1.93,3.86,,55.21,101.6468
2008-12-01,68.51,1.82,3.86,,49.34,102.1744
2008-12-02,62.98,1.78,3.86,,47.05,101.9891
2008-12-03,60.72,1.8,3.86,,46.79,102.4251
2008-12-04,63.64,1.73,3.86,,43.8,102.0715
2008-12-05,59.93,1.74,3.86,,41.01,103.4902
2008-12-08,58.49,1.8,3.86,,43.69,101.7227
2008-12-09,58.91,1.83,3.86,,42.0,101.7346
2008-12-10,55.73,1.83,3.86,,43.1,101.2913
2008-12-11,55.78,1.85,3.86,,47.77,99.5101
2008-12-12,54.28,1.82,3.86,,46.27,100.319
2008-12-15,56.76,1.78,3.86,,44.61,99.1001
2008-12-16,52.37,1.72,3.86,,43.84,98.4771
2008-12-17,49.84,1.47,3.86,,40.17,96.8227
2008-12-18,47.34,1.4,3.86,,36.73,96.8447
2008-12-19,44.93,1.39,3.86,,33.17,98.1278
2008-12-22,44.56,1.29,3.86,,31.1,98.1643
2008-12-23,45.02,1.28,3.86,,30.28,98.2698
2008-12-24,44.21,1.3,3.86,,32.94,98.2249
2008-12-25,44.21,1.3,3.86,,32.94,98.2419
2008-12-26,43.38,1.27,3.86,,37.58,98.2594
2008-12-29,43.9,1.35,3.86,,39.89,97.9359
2008-12-30,41.63,1.36,3.86,,38.95,98.3833
2008-12-31,40.0,1.49,3.86,,44.6,98.6518
2009-01-01,40.0,1.49,3.86,,44.6,98.6518
2009-01-02,39.19,1.58,3.86,,46.17,98.6008
2009-01-05,39.08,1.71,3.86,,48.61,98.9195
2009-01-06,38.56,1.71,3.86,,48.56,98.7871
2009-01-07,43.39,1.7,3.86,,42.75,98.089
2009-01-08,42.56,1.64,3.86,,41.68,98.3223
2009-01-09,42.82,1.68,3.86,,40.69,98.8752
2009-01-12,45.84,1.6,3.86,,37.65,99.6022
2009-01-13,43.27,1.57,3.86,,37.77,100.3597
2009-01-14,49.14,1.51,3.86,,37.43,100.7546
2009-01-15,51.0,1.5,3.86,,35.41,101.4653
2009-01-16,46.11,1.63,3.86,,35.38,100.711
2009-01-19,46.11,1.63,3.86,,35.38,100.711
2009-01-20,56.65,1.67,3.86,,38.57,100.711
2009-01-21,46.42,1.78,3.86,,42.56,102.1007
2009-01-22,47.29,1.87,3.86,,42.33,101.8432
2009-01-23,47.27,1.82,3.86,,45.12,102.1096
2009-01-26,45.69,1.85,3.86,,46.5,100.9764
2009-01-27,42.25,1.72,3.86,,41.67,101.1702
2009-01-28,39.66,1.82,3.86,,42.04,100.5461
2009-01-29,42.63,1.92,3.86,,41.58,101.3398
2009-01-30,44.84,1.93,3.86,,41.73,102.1169
2009-02-01,44.84,1.93,3.86,,41.73,102.1169
2009-02-02,45.52,1.87,3.86,,41.35,102.5067
2009-02-03,43.06,1.93,3.86,,40.87,101.8506
2009-02-04,43.85,1.97,3.86,,40.27,101.9056
2009-02-05,43.73,1.97,3.86,,41.15,101.9517
2009-02-06,43.37,2.06,3.86,,40.24,101.7455
2009-02-09,43.64,2.02,3.86,,39.58,100.9637
2009-02-10,46.67,1.98,3.86,,37.54,101.7094
2009-02-11,44.53,1.85,3.86,,35.93,102.24
2009-02-12,41.25,1.86,3.86,,34.03,102.598
2009-02-13,42.93,1.92,3.86,,37.63,102.2958
2009-02-16,42.93,1.92,3.86,,37.63,102.2958
2009-02-17,48.66,1.77,3.86,,34.96,103.7625
2009-02-18,48.46,1.77,3.86,,34.67,104.0385
2009-02-19,47.08,1.84,3.86,,39.6,103.7656
2009-02-20,49.3,1.82,3.86,,39.35,104.0244
2009-02-23,52.62,1.82,3.86,,37.66,103.7416
2009-02-24,45.49,1.77,3.86,,38.86,103.9829
2009-02-25,44.67,1.86,3.86,,41.64,104.3086
2009-02-26,44.66,1.9,3.86,,43.18,104.1813
2009-02-27,46.35,2.02,3.86,,44.15,104.9284
2009-03-01,46.35,2.02,3.86,,44.15,104.9284
2009-03-02,52.65,2.02,3.86,,40.07,105.9617
2009-03-03,50.93,2.02,3.86,,41.57,106.0249
2009-03-04,47.56,2.04,3.86,,45.28,105.4558
2009-03-05,50.17,1.93,3.86,,43.54,105.8064
2009-03-06,49.33,1.92,3.86,,45.43,105.3937
2009-03-09,49.68,1.93,3.86,,47.01,106.0182
2009-03-10,44.37,1.98,3.86,,45.68,105.1153
2009-03-11,43.61,1.92,3.86,,42.46,104.8499
2009-03-12,41.18,1.86,3.86,,46.91,104.89
2009-03-13,42.36,1.91,3.86,,46.22,104.1106
2009-03-16,43.74,1.97,3.86,,47.33,103.2005
2009-03-17,40.8,1.97,3.86,,48.97,103.2305
2009-03-18,40.06,1.69,3.86,,48.12,103.0005
2009-03-19,43.68,1.74,3.86,,51.46,100.3951
2009-03-20,45.89,1.76,3.86,,51.55,101.0581
2009-03-23,43.23,1.75,3.86,,53.05,101.103
2009-03-24,42.93,1.75,3.86,,53.36,101.0319
2009-03-25,42.25,1.85,3.86,,52.24,100.9674
2009-03-26,40.36,1.86,3.86,,53.87,101.097
2009-03-27,41.04,1.88,3.86,,52.41,101.8388
2009-03-30,45.54,1.89,3.86,,48.49,102.749
2009-03-31,44.14,1.9,3.86,,49.64,102.3761
2009-04-01,42.28,1.85,3.86,,48.46,102.1252
2009-04-02,42.04,1.89,3.86,,52.61,100.8733
2009-04-03,39.7,1.95,3.86,,52.52,100.6429
2009-04-06,40.93,2.01,3.86,,51.1,100.9428
2009-04-07,40.39,2.02,3.86,,49.13,100.9808
2009-04-08,38.85,1.93,3.86,,49.37,100.8948
2009-04-09,36.53,2.0,3.86,,52.24,100.7988
2009-04-10,36.53,2.0,3.86,,52.24,100.7597
2009-04-13,37.81,1.99,3.86,,50.22,100.1369
2009-04-14,37.67,1.94,3.86,,49.51,99.9097
2009-04-15,36.17,1.96,3.86,,49.26,100.1497
2009-04-16,35.79,1.95,3.86,,49.97,100.0517
2009-04-17,33.94,1.99,3.86,,50.36,100.5719
2009-04-20,39.18,1.95,3.86,,45.82,101.448
2009-04-21,37.14,1.98,3.86,,46.65,101.1794
2009-04-22,38.1,1.98,3.86,,47.41,101.1142
2009-04-23,37.15,1.99,3.86,,48.46,101.0065
2009-04-24,36.82,2.04,3.86,,50.65,100.0244
2009-04-27,38.32,2.05,3.86,,49.29,100.7258
2009-04-28,37.95,2.1,3.86,,49.01,101.3145
2009-04-29,36.08,2.18,3.86,,50.19,100.0009
2009-04-30,36.5,2.25,3.86,,50.35,100.1042
2009-05-01,35.3,2.29,3.86,,52.18,100.0057
2009-05-04,34.53,2.25,3.86,,54.45,99.134
2009-05-05,33.36,2.22,3.86,,53.81,98.8529
2009-05-06,32.45,2.22,3.86,,56.29,98.9044
2009-05-07,33.44,2.29,3.86,,56.67,98.552
2009-05-08,32.05,2.29,3.86,,58.58,98.1269
2009-05-11,32.87,2.25,3.86,,57.79,97.747
2009-05-12,31.8,2.27,3.86,,58.81,97.8269
2009-05-13,33.65,2.22,3.86,,58.0,98.0276
2009-05-14,31.37,2.23,3.86,,58.58,98.1271
2009-05-15,33.12,2.26,3.86,,56.52,98.1063
2009-05-18,30.24,2.29,3.86,,58.99,97.9412
2009-05-19,28.8,2.34,3.86,,59.52,97.2827
2009-05-20,29.03,2.32,3.86,,61.45,96.5707
2009-05-21,31.35,2.46,3.86,,60.49,96.6039
2009-05-22,32.63,2.53,3.86,,61.15,95.8788
2009-05-25,32.63,2.53,3.86,,61.15,95.8788
2009-05-26,30.62,2.54,3.86,,62.48,95.988
2009-05-27,32.36,2.75,3.86,,63.41,95.9622
2009-05-28,31.67,2.7,3.86,,65.09,96.1313
2009-05-29,28.92,2.55,3.86,,66.31,95.268
2009-06-01,30.04,2.74,3.86,,68.59,94.8107
2009-06-02,29.63,2.69,3.86,,68.58,94.6556
2009-06-03,31.02,2.65,3.86,,66.14,95.0751
2009-06-04,30.18,2.76,3.86,,68.8,95.2922
2009-06-05,29.62,2.52,3.86,,68.43,96.0412
2009-06-08,29.77,2.49,3.86,,68.05,96.6548
2009-06-09,28.27,2.53,3.86,,70.02,95.9537
2009-06-10,28.46,2.6,3.86,,71.38,96.1277
2009-06-11,28.11,2.53,3.86,,72.69,95.4993
2009-06-12,28.15,2.51,3.86,,72.13,95.836
2009-06-15,30.81,2.5,3.86,,70.54,96.7519
2009-06-16,32.68,2.44,3.86,,70.47,96.2616
2009-06-17,31.54,2.49,3.86,,71.07,96.64
2009-06-18,30.03,2.58,3.86,,71.42,96.1482
2009-06-19,27.99,2.54,3.86,,69.6,96.0325
2009-06-22,31.17,2.55,3.86,,67.09,96.8818
2009-06-23,30.58,2.51,3.86,,68.81,96.5196
2009-06-24,29.05,2.53,3.86,,68.14,96.2369
2009-06-25,26.36,2.43,3.86,,69.7,96.7072
2009-06-26,25.93,2.42,3.86,,69.16,96.1935
2009-06-29,25.35,2.4,3.86,,71.47,96.242
2009-06-30,26.35,2.42,3.86,,69.82,96.3761
2009-07-01,26.22,2.5,3.86,,69.32,95.6581
2009-07-02,27.95,2.53,3.86,,66.68,96.3216
2009-07-03,27.95,2.53,3.86,,66.68,96.3216
2009-07-06,29.0,2.56,3.86,,64.06,96.6174
2009-07-07,30.85,2.49,3.86,,62.88,96.6321
2009-07-08,31.3,2.42,3.86,,60.15,97.0204
2009-07-09,29.78,2.5,3.86,,60.36,96.6219
2009-07-10,29.02,2.41,3.86,,59.93,97.0819
2009-07-13,26.31,2.46,3.86,,59.69,96.9995
2009-07-14,25.02,2.53,3.86,,59.62,96.6599
2009-07-15,25.89,2.6,3.86,,61.49,95.8004
2009-07-16,25.42,2.59,3.86,,62.07,95.7241
2009-07-17,24.34,2.65,3.86,,63.56,95.6036
2009-07-20,24.4,2.62,3.86,,63.93,95.0903
2009-07-21,23.87,2.54,3.86,,64.81,95.0564
2009-07-22,23.47,2.6,3.86,,64.58,94.8659
2009-07-23,23.43,2.64,3.86,,66.1,94.532
2009-07-24,23.09,2.65,3.86,,66.96,94.7046
2009-07-27,24.28,2.67,3.86,,68.34,94.6659
2009-07-28,25.01,2.6,3.86,,67.24,94.5592
2009-07-29,25.61,2.52,3.86,,63.42,95.1678
2009-07-30,25.4,2.48,3.86,,66.9,94.8967
2009-07-31,25.92,2.39,3.86,,69.26,94.2526
2009-08-01,25.92,2.39,3.86,,69.26,94.2526
2009-08-03,25.56,2.48,3.86,,71.59,93.6331
2009-08-04,24.89,2.5,3.86,,71.4,93.7281
2009-08-05,24.9,2.57,3.86,,71.97,93.7848
2009-08-06,25.67,2.57,3.86,,71.96,93.9358
2009-08-07,24.76,2.57,3.86,,70.97,94.4692
2009-08-10,24.99,2.56,3.86,,70.59,94.6087
2009-08-11,25.99,2.5,3.86,,69.46,94.8678
2009-08-12,25.45,2.54,3.86,,70.08,94.5394
2009-08-13,24.71,2.47,3.86,,70.57,94.2392
2009-08-14,24.27,2.48,3.86,,67.51,94.475
2009-08-17,27.89,2.44,3.86,,66.72,95.1024
2009-08-18,26.18,2.45,3.86,,69.22,95.1118
2009-08-19,26.26,2.44,3.86,,72.54,94.4084
2009-08-20,25.09,2.39,3.86,,72.4,94.3492
2009-08-21,25.01,2.43,3.86,,73.12,94.0103
2009-08-24,25.14,2.43,3.86,,73.68,93.9345
2009-08-25,24.92,2.4,3.86,,71.6,93.9066
2009-08-26,24.95,2.38,3.86,,71.38,94.8662
2009-08-27,24.68,2.43,3.86,,72.49,94.7943
2009-08-28,24.76,2.45,3.86,,72.72,94.4489
2009-08-31,26.01,2.43,3.86,,69.97,94.6202
2009-09-01,29.15,2.46,3.86,,68.11,95.2201
2009-09-02,28.9,2.4,3.86,,68.03,95.1575
2009-09-03,27.1,2.42,3.86,,67.9,94.959
2009-09-04,25.26,2.51,3.86,,67.95,94.5811
2009-09-07,25.26,2.51,3.86,,67.95,94.5811
2009-09-08,25.62,2.54,3.86,,71.08,93.7323
2009-09-09,24.32,2.55,3.86,,71.27,93.6915
2009-09-10,23.55,2.46,3.86,,71.95,93.6947
2009-09-11,24.15,2.44,3.86,,69.34,93.3225
2009-09-14,23.86,2.48,3.86,,68.86,93.6196
2009-09-15,23.42,2.51,3.86,,70.81,93.4427
2009-09-16,23.69,2.47,3.86,,72.5,92.9072
2009-09-17,23.65,2.44,3.86,,72.48,92.8287
2009-09-18,23.92,2.46,3.86,,71.95,93.1233
2009-09-21,24.06,2.47,3.86,,69.74,93.3547
2009-09-22,23.08,2.44,3.86,,71.5,92.8664
2009-09-23,23.49,2.48,3.86,,68.74,92.979
2009-09-24,24.95,2.47,3.86,,65.74,93.4708
2009-09-25,25.61,2.36,3.86,,65.91,93.5535
2009-09-28,24.88,2.33,3.86,,66.69,93.4669
2009-09-29,25.19,2.31,3.86,,66.56,93.7776
2009-09-30,25.61,2.36,3.86,,70.46,93.1907
2009-10-01,28.27,2.34,3.86,,70.67,93.5995
2009-10-02,28.68,2.36,3.86,,69.8,93.6756
2009-10-05,26.84,2.36,3.86,,70.26,93.3356
2009-10-06,25.7,2.36,3.86,,70.71,92.619
2009-10-07,24.68,2.34,3.86,,69.6,92.794
2009-10-08,24.18,2.37,3.86,,71.69,92.2074
2009-10-09,23.12,2.42,3.86,,71.75,92.2984
2009-10-12,23.01,2.42,3.86,,73.24,92.2984
2009-10-13,22.99,2.43,3.86,,74.1,91.8273
2009-10-14,22.86,2.49,3.86,,75.2,91.5047
2009-10-15,21.72,2.52,3.86,,77.55,91.4367
2009-10-16,21.43,2.46,3.86,,78.54,91.6541
2009-10-19,21.49,2.42,3.86,,79.47,91.4406
2009-10-20,20.9,2.4,3.86,,78.87,91.801
2009-10-21,22.22,2.42,3.86,,81.03,91.3805
2009-10-22,20.69,2.47,3.86,,80.82,91.6075
2009-10-23,22.27,2.47,3.86,,80.11,91.7331
2009-10-26,24.31,2.53,3.86,,78.61,92.0998
2009-10-27,24.83,2.5,3.86,,79.45,92.5335
2009-10-28,27.91,2.49,3.86,,77.39,92.8152
2009-10-29,24.76,2.55,3.86,,79.84,92.4708
2009-10-30,30.69,2.51,3.86,,77.04,92.6207
2009-11-01,30.69,2.51,3.86,,77.04,92.6207
2009-11-02,29.78,2.53,3.86,,78.08,92.4501
2009-11-03,28.81,2.58,3.86,,79.58,92.9037
2009-11-04,27.72,2.66,3.86,,80.3,92.3725
2009-11-05,25.43,2.67,3.86,,79.64,92.3437
2009-11-06,24.19,2.68,3.86,,77.4,92.3848
2009-11-09,23.15,2.65,3.86,,79.44,91.6861
2009-11-10,22.84,2.65,3.86,,79.01,91.6659
2009-11-11,23.04,2.65,3.86,,79.16,91.6659
2009-11-12,24.24,2.63,3.86,,77.25,91.9461
2009-11-13,23.36,2.61,3.86,,76.34,91.5754
2009-11-16,22.89,2.55,3.86,,78.91,91.194
2009-11-17,22.41,2.55,3.86,,79.08,91.7419
2009-11-18,21.63,2.59,3.86,,79.55,91.249
2009-11-19,22.63,2.62,3.86,,77.47,91.7827
2009-11-20,22.19,2.61,3.86,,76.83,91.9906
2009-11-23,21.16,2.6,3.86,,76.49,91.4864
2009-11-24,20.47,2.59,3.86,,74.88,91.5539
2009-11-25,20.48,2.55,3.86,,77.25,90.9669
2009-11-26,20.48,2.55,3.86,,77.25,90.9669
2009-11-27,24.85,2.53,3.86,,75.95,91.5272
2009-11-30,24.51,2.54,3.86,,77.19,91.3717
2009-12-01,21.92,2.61,3.86,,78.39,90.8323
2009-12-02,21.12,2.6,3.86,,76.62,90.8906
2009-12-03,22.46,2.65,3.86,,76.42,90.9152
2009-12-04,21.25,2.64,3.86,,75.41,91.3806
2009-12-07,22.1,2.66,3.86,,73.89,91.5414
2009-12-08,23.69,2.67,3.86,,72.59,91.9513
2009-12-09,22.66,2.69,3.86,,70.67,92.014
2009-12-10,22.32,2.71,3.86,,70.54,92.0073
2009-12-11,21.59,2.72,3.86,,69.86,92.2946
2009-12-14,21.15,2.69,3.86,,69.48,92.0305
2009-12-15,21.49,2.72,3.86,,70.62,92.3635
2009-12-16,20.54,2.76,3.86,,72.64,92.1496
2009-12-17,22.51,2.73,3.86,,72.58,93.225
2009-12-18,21.68,2.73,3.86,,73.3,93.1632
2009-12-21,20.49,2.8,3.86,,72.71,93.1632
2009-12-22,19.54,2.81,3.86,,73.48,93.2903
2009-12-23,19.71,2.81,3.86,,76.03,92.9295
2009-12-24,19.47,2.82,3.86,,76.83,92.8694
2009-12-25,19.47,2.82,3.86,,76.83,92.8694
2009-12-28,19.93,2.76,3.86,,78.67,92.6993
2009-12-29,20.01,2.73,3.86,,78.87,92.8838
2009-12-30,19.96,2.72,3.86,,79.35,93.0872
2009-12-31,21.68,2.71,3.86,,79.39,92.9124
2010-01-01,21.68,2.71,3.86,,79.39,92.9124
2010-01-04,20.04,2.76,3.86,,81.52,92.3566
2010-01-05,19.35,2.76,3.86,,81.74,92.2236
2010-01-06,19.16,2.84,3.86,,83.12,92.0941
2010-01-07,19.06,2.82,3.86,,82.6,92.3684
2010-01-08,18.13,2.87,3.86,,82.74,92.1485
2010-01-11,17.55,2.9,3.86,,82.54,91.5997
2010-01-12,18.25,2.82,3.86,,80.79,91.7005
2010-01-13,17.85,2.83,3.86,,79.66,91.7272
2010-01-14,17.63,2.82,3.86,,79.35,91.5864
2010-01-15,17.91,2.81,3.86,,77.96,91.7668
2010-01-18,17.91,2.81,3.86,,77.96,91.7668
2010-01-19,17.58,2.8,3.86,,78.98,91.9611
2010-01-20,18.68,2.76,3.86,,77.42,92.6766
2010-01-21,22.27,2.75,3.86,,75.84,92.6627
2010-01-22,27.31,2.78,3.86,,74.25,92.943
2010-01-25,25.41,2.8,3.86,,74.9,92.9099
2010-01-26,24.55,2.78,3.86,,74.67,93.3298
2010-01-27,23.14,2.76,3.86,,73.64,93.2835
2010-01-28,23.73,2.81,3.86,,73.62,93.2635
2010-01-29,24.62,2.81,3.86,,72.85,93.7638
2010-02-01,22.59,2.82,3.86,,74.41,93.7321
2010-02-02,21.48,2.81,3.86,,77.21,93.4136
2010-02-03,21.6,2.85,3.86,,76.96,93.6268
2010-02-04,26.08,2.82,3.86,,73.13,94.1401
2010-02-05,26.11,2.82,3.86,,71.15,94.6218
2010-02-08,26.51,2.83,3.86,,71.87,94.6218
2010-02-09,26.0,2.83,3.86,,73.71,94.6218
2010-02-10,25.4,2.81,3.86,,74.48,94.6218
2010-02-11,23.96,2.82,3.86,,75.23,94.6218
2010-02-12,22.73,2.85,3.86,,74.11,93.9976
2010-02-15,22.73,2.85,3.86,,74.11,93.9976
2010-02-16,22.25,2.84,3.86,,76.98,93.482
2010-02-17,21.72,2.87,3.86,,77.27,93.7171
2010-02-18,20.63,2.89,3.86,,78.97,93.8752
2010-02-19,20.02,2.83,3.86,,79.77,93.9569
2010-02-22,19.94,2.89,3.86,,80.04,93.7402
2010-02-23,21.37,2.82,3.86,,78.61,93.9794
2010-02-24,20.27,2.83,3.86,,79.75,93.9775
2010-02-25,20.1,2.82,3.86,,77.99,94.3797
2010-02-26,19.5,2.8,3.86,,79.72,93.6602
2010-03-01,19.26,2.81,3.86,,78.71,93.7979
2010-03-02,19.06,2.82,3.86,,79.62,93.488
2010-03-03,18.83,2.81,3.86,,80.91,92.9861
2010-03-04,18.72,2.75,3.86,,80.21,93.4079
2010-03-05,17.42,2.78,3.86,,81.5,93.2623
2010-03-08,17.79,2.82,3.86,,81.85,93.2446
2010-03-09,17.92,2.82,3.86,,81.5,93.1941
2010-03-10,18.57,2.81,3.86,,82.07,93.0426
2010-03-11,18.06,2.76,3.86,,82.1,93.0533
2010-03-12,17.58,2.74,3.86,,81.26,92.6616
2010-03-15,18.0,2.75,3.86,,79.79,92.9642
2010-03-16,17.69,2.73,3.86,,81.75,92.595
2010-03-17,16.91,2.7,3.86,,82.93,92.4446
2010-03-18,16.62,2.7,3.86,,82.16,92.7451
2010-03-19,16.97,2.68,3.86,,80.58,93.0407
2010-03-22,16.87,2.66,3.86,,81.26,93.1333
2010-03-23,16.35,2.67,3.86,,81.68,93.006
2010-03-24,17.55,2.76,3.86,,80.29,93.6468
2010-03-25,18.4,2.81,3.86,,80.25,93.5885
2010-03-26,17.77,2.82,3.86,,79.75,93.6873
2010-03-29,17.59,2.84,3.86,,81.92,93.2959
2010-03-30,17.13,2.82,3.86,,82.14,93.2627
2010-03-31,17.59,2.82,3.86,,83.45,92.8987
2010-04-01,17.47,2.84,3.86,,84.53,92.6661
2010-04-02,17.47,2.85,3.86,,84.53,92.9057
2010-04-05,17.02,2.83,3.86,,86.36,92.6644
2010-04-06,16.23,2.84,3.86,,86.54,92.7373
2010-04-07,16.62,2.83,3.86,,85.64,92.7452
2010-04-08,16.48,2.82,3.86,,85.17,92.7211
2010-04-09,16.14,2.82,3.86,,84.6,92.4772
2010-04-12,15.58,2.8,3.86,,84.07,92.243
2010-04-13,16.2,2.77,3.86,,83.8,92.2689
2010-04-14,15.59,2.81,3.86,,85.62,91.9297
2010-04-15,15.89,2.82,3.86,,85.25,92.2029
2010-04-16,18.36,2.81,3.86,,82.97,92.5253
2010-04-19,17.34,2.82,3.86,,81.52,92.8577
2010-04-20,15.73,2.77,3.86,,82.98,92.4338
2010-04-21,16.32,2.74,3.86,,82.78,92.4482
2010-04-22,16.47,2.73,3.86,,82.89,92.7277
2010-04-23,16.62,2.74,3.86,,84.34,92.6622
2010-04-26,17.47,2.74,3.86,,84.2,92.5187
2010-04-27,22.81,2.68,3.86,,82.43,93.0956
2010-04-28,21.08,2.77,3.86,,83.22,93.4856
2010-04-29,18.44,2.75,3.86,,85.17,92.9013
2010-04-30,22.05,2.72,3.86,,86.07,92.8423
2010-05-01,22.05,2.72,3.86,,86.07,92.8423
2010-05-03,20.19,2.72,3.86,,86.19,93.235
2010-05-04,23.84,2.67,3.86,,82.73,93.8137
2010-05-05,24.91,2.7,3.86,,80.0,94.3968
2010-05-06,32.8,2.66,3.86,,77.18,95.3032
2010-05-07,40.95,2.62,3.86,,75.1,95.2952
2010-05-10,28.84,2.7,3.86,,76.89,94.3096
2010-05-11,28.32,2.71,3.86,,76.37,94.4305
2010-05-12,25.52,2.67,3.86,,75.65,94.5515
2010-05-13,26.68,2.68,3.86,,74.38,94.5071
2010-05-14,31.24,2.65,3.86,,71.61,95.3746
2010-05-17,30.84,2.66,3.86,,70.08,95.9795
2010-05-18,33.55,2.62,3.86,,69.38,95.6212
2010-05-19,35.32,2.56,3.86,,69.91,96.5083
2010-05-20,45.79,2.49,3.86,,68.28,96.9483
2010-05-21,40.1,2.44,3.86,,68.03,96.2911
2010-05-24,38.32,2.46,3.86,,68.23,96.6433
2010-05-25,34.61,2.37,3.86,,64.78,97.5487
2010-05-26,35.02,2.39,3.86,,71.52,97.1879
2010-05-27,29.68,2.47,3.86,,74.56,96.3611
2010-05-28,32.07,2.55,3.86,,74.0,96.3062
2010-05-31,32.07,2.55,3.86,,74.0,96.3062
2010-06-01,35.54,2.51,3.86,,72.7,96.6123
2010-06-02,30.17,2.53,3.86,,72.88,96.615
2010-06-03,29.46,2.57,3.86,,74.62,96.461
2010-06-04,35.48,2.48,3.86,,71.43,97.1688
2010-06-07,36.57,2.43,3.86,,71.55,97.503
2010-06-08,33.7,2.44,3.86,,71.88,97.3425
2010-06-09,33.73,2.46,3.86,,74.38,96.8938
2010-06-10,30.57,2.54,3.86,,75.48,96.4877
2010-06-11,28.79,2.49,3.86,,73.89,96.5616
2010-06-14,28.58,2.51,3.86,,74.99,95.8082
2010-06-15,25.87,2.53,3.86,,76.84,95.7049
2010-06-16,25.92,2.52,3.86,,77.67,95.5668
2010-06-17,25.05,2.49,3.86,,76.82,95.4973
2010-06-18,23.95,2.5,3.86,,77.18,95.2981
2010-06-21,24.88,2.52,3.86,,77.84,94.8505
2010-06-22,27.05,2.47,3.86,,77.15,95.1165
2010-06-23,26.91,2.47,3.86,,75.9,95.4853
2010-06-24,29.74,2.47,3.86,,75.96,95.6194
2010-06-25,28.53,2.47,3.86,,78.45,95.4582
2010-06-28,29.0,2.43,3.86,,78.26,95.2696
2010-06-29,34.13,2.36,3.86,,75.93,96.0199
2010-06-30,34.54,2.36,3.86,,75.59,95.9934
2010-07-01,32.86,2.33,3.86,,72.95,95.8018
2010-07-02,30.12,2.37,3.86,,72.06,95.6345
2010-07-05,30.12,2.37,3.86,,72.06,95.6345
2010-07-06,29.65,2.33,3.86,,71.96,95.1069
2010-07-07,26.84,2.37,3.86,,74.05,95.1795
2010-07-08,25.71,2.41,3.86,,75.46,94.7734
2010-07-09,24.98,2.44,3.86,,76.08,94.683
2010-07-12,24.43,2.43,3.86,,74.93,94.9598
2010-07-13,24.56,2.48,3.86,,77.16,94.3856
2010-07-14,24.89,2.45,3.86,,77.02,94.3247
2010-07-15,25.14,2.39,3.86,,76.67,94.1988
2010-07-16,26.25,2.35,3.86,,75.96,94.5061
2010-07-19,25.97,2.38,3.86,,76.53,94.602
2010-07-20,23.93,2.37,3.86,,77.32,94.542
2010-07-21,25.64,2.32,3.86,,76.27,94.4496
2010-07-22,24.63,2.36,3.86,,79.01,94.1135
2010-07-23,23.47,2.42,3.86,,78.68,94.1431
2010-07-26,22.73,2.41,3.86,,78.93,93.7556
2010-07-27,23.19,2.43,3.86,,77.46,93.7583
2010-07-28,24.25,2.42,3.86,,77.06,93.7506
2010-07-29,24.13,2.44,3.86,,78.3,93.6004
2010-07-30,23.5,2.39,3.86,,78.85,93.2793
2010-08-01,23.5,2.39,3.86,,78.85,93.2793
2010-08-02,22.01,2.43,3.86,,81.25,92.7916
2010-08-03,22.63,2.41,3.86,,82.52,92.6258
2010-08-04,22.21,2.42,3.86,,82.49,92.731
2010-08-05,22.1,2.41,3.86,,82.0,92.6401
2010-08-06,21.74,2.36,3.86,,80.67,92.5915
2010-08-09,22.14,2.32,3.86,,81.46,92.6726
2010-08-10,22.37,2.27,3.86,,80.24,93.2197
2010-08-11,25.39,2.18,3.86,,78.09,93.7778
2010-08-12,25.73,2.19,3.86,,75.68,93.8905
2010-08-13,26.24,2.14,3.86,,75.39,94.0457
2010-08-16,26.1,2.07,3.86,,75.17,93.7902
2010-08-17,24.33,2.12,3.86,,75.76,93.4239
2010-08-18,24.59,2.13,3.86,,75.39,93.3719
2010-08-19,26.44,2.09,3.86,,74.45,93.7141
2010-08-20,25.49,2.13,3.86,,73.45,94.2087
2010-08-23,25.66,2.11,3.86,,72.71,94.3295
2010-08-24,27.46,2.0,3.86,,71.24,94.4362
2010-08-25,26.7,2.01,3.86,,72.07,94.7372
2010-08-26,27.37,1.99,3.86,,73.36,94.3523
2010-08-27,24.45,2.1,3.86,,75.17,94.3462
2010-08-30,27.21,2.04,3.86,,74.69,94.5922
2010-08-31,26.05,2.0,3.86,,71.93,94.7204
2010-09-01,23.89,2.08,3.86,,73.97,94.1148
2010-09-02,23.19,2.13,3.86,,74.99,94.0852
2010-09-03,21.31,2.2,3.86,,74.52,93.6952
2010-09-06,21.31,2.2,3.86,,74.52,93.6952
2010-09-07,23.8,2.12,3.86,,73.98,94.042
2010-09-08,23.25,2.14,3.86,,74.65,93.7785
2010-09-09,22.81,2.2,3.86,,74.25,93.7033
2010-09-10,21.99,2.23,3.86,,76.4,93.6768
2010-09-13,21.21,2.21,3.86,,77.17,93.0767
2010-09-14,21.56,2.18,3.86,,76.78,92.6182
2010-09-15,22.1,2.24,3.86,,75.92,92.9313
2010-09-16,21.72,2.29,3.86,,74.58,92.9108
2010-09-17,22.01,2.27,3.86,,73.63,92.9418
2010-09-20,21.5,2.25,3.86,,74.81,92.7496
2010-09-21,22.35,2.18,3.86,,72.96,92.6684
2010-09-22,22.51,2.12,3.86,,72.98,92.0647
2010-09-23,23.87,2.11,3.86,,73.4,92.0233
2010-09-24,21.71,2.17,3.86,,74.63,91.5996
2010-09-27,22.54,2.1,3.86,,76.51,91.4803
2010-09-28,22.6,2.11,3.86,,76.15,91.3493
2010-09-29,23.25,2.08,3.86,,77.85,91.1632
2010-09-30,23.7,2.11,3.86,,79.95,91.3415
2010-10-01,22.5,2.12,3.86,,81.57,90.836
2010-10-04,23.53,2.09,3.86,,81.43,91.0015
2010-10-05,21.76,2.09,3.86,,82.83,90.5622
2010-10-06,21.49,2.03,3.86,,83.21,90.1411
2010-10-07,21.56,2.05,3.86,,81.34,90.286
2010-10-08,20.71,2.06,3.86,,82.66,90.1133
2010-10-11,18.96,2.06,3.86,,82.18,90.1133
2010-10-12,18.93,2.07,3.86,,81.67,90.2203
2010-10-13,19.07,2.09,3.86,,83.03,89.7779
2010-10-14,19.88,2.14,3.86,,82.71,89.5228
2010-10-15,19.03,2.22,3.86,,81.23,89.6815
2010-10-18,19.09,2.14,3.86,,83.06,89.8484
2010-10-19,20.63,2.13,3.86,,79.57,90.5499
2010-10-20,19.79,2.16,3.86,,81.93,90.1446
2010-10-21,19.27,2.2,3.86,,80.03,90.138
2010-10-22,18.78,2.24,3.86,,81.15,90.4063
2010-10-25,19.85,2.22,3.86,,82.0,89.9328
2010-10-26,20.22,2.27,3.86,,82.6,90.2818
2010-10-27,20.71,2.35,3.86,,81.9,90.8038
2010-10-28,20.88,2.32,3.86,,82.2,90.2407
2010-10-29,21.2,2.29,3.86,,81.45,90.0935
2010-11-01,21.83,2.32,3.86,,82.94,90.0307
2010-11-02,21.57,2.29,3.86,,83.91,89.6847
2010-11-03,19.56,2.33,3.86,,84.45,89.7079
2010-11-04,18.52,2.2,3.86,,86.49,88.9831
2010-11-05,18.26,2.2,3.86,,86.85,89.2441
2010-11-08,18.29,2.19,3.86,,87.07,89.5711
2010-11-09,19.08,2.26,3.86,,87.04,89.558
2010-11-10,18.47,2.21,3.86,,87.77,89.9056
2010-11-11,18.64,2.21,3.86,,87.77,89.9056
2010-11-12,20.61,2.25,3.86,,84.89,90.1701
2010-11-15,20.2,2.39,3.86,,84.88,90.4331
2010-11-16,22.58,2.34,3.86,,82.33,91.1102
2010-11-17,21.76,2.39,3.86,,80.43,90.9282
2010-11-18,18.75,2.38,3.86,,81.88,90.649
2010-11-19,18.04,2.36,3.86,,81.65,90.6986
2010-11-22,18.37,2.31,3.86,,81.24,90.7023
2010-11-23,20.63,2.32,3.86,,80.79,91.4318
2010-11-24,19.56,2.4,3.86,,83.21,91.2179
2010-11-25,19.56,2.4,3.86,,83.21,91.2179
2010-11-26,22.22,2.36,3.86,,83.87,91.8152
2010-11-29,21.53,2.32,3.86,,85.73,92.1997
2010-11-30,23.54,2.36,3.86,,84.12,92.1494
2010-12-01,21.36,2.44,3.86,,86.75,91.6799
2010-12-02,19.39,2.46,3.86,,87.98,91.2651
2010-12-03,18.01,2.54,3.86,,89.18,90.8788
2010-12-06,18.02,2.53,3.86,,89.33,91.0167
2010-12-07,17.99,2.61,3.86,,88.69,90.9732
2010-12-08,17.74,2.63,3.86,,88.3,91.3376
2010-12-09,17.25,2.59,3.86,,88.35,91.3923
2010-12-10,17.61,2.68,3.86,,87.81,91.2831
2010-12-13,17.55,2.68,3.86,,88.62,90.8837
2010-12-14,17.61,2.83,3.86,,88.33,90.764
2010-12-15,17.94,2.85,3.86,,88.66,91.094
2010-12-16,17.39,2.81,3.86,,87.71,91.3773
2010-12-17,16.11,2.72,3.86,,88.02,91.5555
2010-12-20,16.41,2.74,3.86,,88.68,91.6398
2010-12-21,16.49,2.72,3.86,,89.3,91.519
2010-12-22,15.45,2.71,3.86,,89.83,91.429
2010-12-23,16.47,2.74,3.86,,90.84,91.3013
2010-12-24,16.47,2.74,3.86,,90.84,91.3013
2010-12-27,17.67,2.65,3.86,,90.99,91.1963
2010-12-28,17.52,2.75,3.86,,91.48,90.9848
2010-12-29,17.28,2.71,3.86,,91.13,90.7669
2010-12-30,17.52,2.72,3.86,,89.85,90.5146
2010-12-31,17.75,2.69,3.86,,91.38,90.5146
2011-01-01,17.75,2.69,3.86,,91.38,90.5146
2011-01-03,17.61,2.75,3.86,,91.59,89.9524
2011-01-04,17.38,2.73,3.86,,89.39,90.3277
2011-01-05,17.02,2.79,3.86,,90.3,90.5715
2011-01-06,17.4,2.76,3.86,,88.37,90.9125
2011-01-07,17.14,2.74,3.86,,88.07,91.0001
2011-01-10,17.54,2.73,3.86,,89.24,91.03
2011-01-11,16.89,2.77,3.86,,91.11,90.8431
2011-01-12,16.24,2.79,3.86,,91.85,90.4111
2011-01-13,16.39,2.75,3.86,,91.39,89.9019
2011-01-14,15.46,2.76,3.86,,91.53,90.0461
2011-01-17,15.46,2.76,3.86,,91.53,90.0461
2011-01-18,15.87,2.79,3.86,,91.38,89.821
2011-01-19,17.31,2.77,3.86,,90.85,89.6948
2011-01-20,17.99,2.82,3.86,,88.56,90.1316
2011-01-21,18.47,2.81,3.86,,88.22,89.7204
2011-01-24,17.65,2.78,3.86,,86.74,89.5375
2011-01-25,17.59,2.73,3.86,,85.08,89.7279
2011-01-26,16.64,2.83,3.86,,86.15,89.5091
2011-01-27,16.15,2.83,3.86,,84.45,89.5728
2011-01-28,20.04,2.82,3.86,,88.15,89.8189
2011-01-31,19.53,2.84,3.86,,90.99,89.694
2011-02-01,17.63,2.87,3.86,,89.54,89.1436
2011-02-02,17.3,2.85,3.86,,89.78,89.0737
2011-02-03,16.69,2.87,3.86,,89.42,89.2522
2011-02-04,15.93,2.91,3.86,,87.87,89.391
2011-02-07,16.28,2.9,3.86,,86.3,89.3556
2011-02-08,15.81,2.89,3.86,,85.85,89.1241
2011-02-09,15.87,2.84,3.86,,85.59,89.4166
2011-02-10,16.09,2.85,3.86,,85.44,89.6266
2011-02-11,15.69,2.79,3.86,,84.39,89.8784
2011-02-14,15.95,2.75,3.86,,83.66,89.8543
2011-02-15,16.37,2.77,3.86,,83.13,89.8871
2011-02-16,16.72,2.76,3.86,,83.8,89.7059
2011-02-17,16.59,2.78,3.86,,85.05,89.4102
2011-02-18,16.43,2.81,3.86,,85.03,89.1974
2011-02-21,16.43,2.81,3.86,,85.03,89.1974
2011-02-22,20.8,2.72,3.86,,92.65,89.4617
2011-02-23,22.13,2.75,3.86,,96.04,89.4186
2011-02-24,21.32,2.73,3.86,,95.83,89.2346
2011-02-25,19.22,2.7,3.86,,96.52,89.1664
2011-02-28,18.35,2.73,3.86,,97.1,88.9391
2011-03-01,21.01,2.75,3.86,,99.63,88.831
2011-03-02,20.7,2.77,3.86,,102.27,88.7317
2011-03-03,18.6,2.79,3.86,,101.92,88.637
2011-03-04,19.06,2.81,3.86,,104.34,88.4898
2011-03-07,20.66,2.81,3.86,,105.37,88.5207
2011-03-08,19.82,2.83,3.86,,105.06,88.6454
2011-03-09,20.22,2.78,3.86,,104.39,88.5328
2011-03-10,21.88,2.72,3.86,,102.73,88.8698
2011-03-11,20.08,2.76,3.86,,101.14,88.691
2011-03-14,21.13,2.75,3.86,,101.2,88.5191
2011-03-15,24.32,2.7,3.86,,97.23,88.7845
2011-03-16,29.4,2.64,3.86,,97.99,88.9785
2011-03-17,26.37,2.65,3.86,,101.47,88.6549
2011-03-18,24.44,2.67,3.86,,101.06,88.5221
2011-03-21,20.61,2.67,3.86,,102.36,88.2032
2011-03-22,20.21,2.66,3.86,,104.53,88.0665
2011-03-23,19.17,2.67,3.86,,105.21,88.3328
2011-03-24,18.0,2.7,3.86,,105.04,88.0592
2011-03-25,17.91,2.67,3.86,,104.89,88.1716
2011-03-28,19.44,2.66,3.86,,103.54,88.3058
2011-03-29,18.16,2.69,3.86,,104.34,88.3991
2011-03-30,17.71,2.67,3.86,,103.8,88.2298
2011-03-31,17.74,2.67,3.86,,106.19,88.0299
2011-04-01,17.4,2.66,3.86,,107.55,87.7993
2011-04-04,17.5,2.68,3.86,,108.14,87.8406
2011-04-05,17.25,2.66,3.86,,107.82,87.7483
2011-04-06,16.9,2.71,3.86,,108.38,87.4913
2011-04-07,17.11,2.77,3.86,,109.82,87.532
2011-04-08,17.87,2.76,3.86,,112.27,87.1493
2011-04-11,16.59,2.74,3.86,,109.5,87.094
2011-04-12,17.09,2.75,3.86,,105.75,87.2943
2011-04-13,16.92,2.74,3.86,,106.6,87.2093
2011-04-14,16.27,2.74,3.86,,107.73,87.0802
2011-04-15,15.32,2.72,3.86,,109.17,87.005
2011-04-18,16.96,2.71,3.86,,106.7,87.5081
2011-04-19,15.83,2.71,3.86,,107.18,87.0791
2011-04-20,15.07,2.74,3.86,,110.84,86.5642
2011-04-21,14.69,2.74,3.86,,111.72,86.2256
2011-04-22,14.69,2.74,3.86,,111.72,86.3742
2011-04-25,15.77,2.72,3.86,,111.68,86.4026
2011-04-26,15.62,2.69,3.86,,111.72,86.2576
2011-04-27,15.35,2.74,3.86,,112.31,86.2519
2011-04-28,14.62,2.72,3.86,,112.38,85.8419
2011-04-29,14.75,2.71,3.86,,113.39,85.5999
2011-05-01,14.75,2.71,3.86,,113.39,85.5999
2011-05-02,15.99,2.7,3.86,,113.03,85.5199
2011-05-03,16.7,2.67,3.86,,110.6,85.6352
2011-05-04,17.08,2.65,3.86,,108.79,85.8917
2011-05-05,18.2,2.6,3.86,,99.89,86.508
2011-05-06,18.4,2.62,3.86,,96.87,86.4575
2011-05-09,17.16,2.6,3.86,,100.32,86.8346
2011-05-10,15.91,2.64,3.86,,103.39,86.6518
2011-05-11,16.95,2.63,3.86,,97.88,86.7195
2011-05-12,16.03,2.65,3.86,,98.53,87.0767
2011-05-13,17.07,2.61,3.86,,99.21,87.4176
2011-05-16,18.24,2.61,3.86,,96.91,87.3311
2011-05-17,17.55,2.57,3.86,,96.4,87.6307
2011-05-18,16.23,2.6,3.86,,99.52,87.295
2011-05-19,15.52,2.62,3.86,,97.99,87.2638
2011-05-20,17.43,2.6,3.86,,99.15,87.3044
2011-05-23,18.27,2.58,3.86,,97.06,87.8941
2011-05-24,17.82,2.56,3.86,,99.13,87.662
2011-05-25,17.07,2.59,3.86,,100.78,87.6136
2011-05-26,16.09,2.59,3.86,,100.18,87.5588
2011-05-27,15.98,2.59,3.86,,100.58,86.9525
2011-05-30,15.98,2.59,3.86,,100.58,86.9525
2011-05-31,15.45,2.6,3.86,,102.7,86.656
2011-06-01,18.3,2.52,3.86,,100.3,86.5964
2011-06-02,18.09,2.59,3.86,,100.41,86.8435
2011-06-03,17.95,2.57,3.86,,100.28,86.4234
2011-06-06,18.49,2.58,3.86,,99.07,86.4669
2011-06-07,18.07,2.62,3.86,,99.18,86.3627
2011-06-08,18.79,2.59,3.86,,100.77,86.5714
2011-06-09,17.77,2.58,3.86,,101.95,86.5913
2011-06-10,18.86,2.58,3.86,,99.3,87.042
2011-06-13,19.61,2.6,3.86,,97.2,87.0579
2011-06-14,18.26,2.66,3.86,,99.37,86.6771
2011-06-15,21.32,2.6,3.86,,94.83,87.3342
2011-06-16,22.73,2.55,3.86,,94.95,87.6917
2011-06-17,21.85,2.56,3.86,,93.02,87.2179
2011-06-20,19.99,2.59,3.86,,93.23,87.1908
2011-06-21,18.86,2.59,3.86,,93.7,86.857
2011-06-22,18.52,2.62,3.86,,94.96,86.8067
2011-06-23,19.29,2.58,3.86,,90.7,87.455
2011-06-24,21.1,2.53,3.86,,90.89,87.5014
2011-06-27,20.56,2.54,3.86,,90.65,87.5225
2011-06-28,19.17,2.57,3.86,,92.9,87.2178
2011-06-29,17.27,2.67,3.86,,94.85,86.8014
2011-06-30,16.52,2.73,3.86,,95.3,86.4786
2011-07-01,15.87,2.72,3.86,,94.81,86.3613
2011-07-04,15.87,2.72,3.86,,94.81,86.3613
2011-07-05,16.06,2.72,3.86,,96.92,86.4253
2011-07-06,16.34,2.69,3.86,,96.67,86.6825
2011-07-07,15.95,2.68,3.86,,98.7,86.4825
2011-07-08,15.95,2.63,3.86,,96.2,86.615
2011-07-11,18.39,2.57,3.86,,95.16,87.1013
2011-07-12,19.87,2.55,3.86,,97.41,87.1701
2011-07-13,19.91,2.55,3.86,,98.04,86.5697
2011-07-14,20.8,2.6,3.86,,95.75,86.5234
2011-07-15,19.53,2.57,3.86,,97.24,86.5169
2011-07-18,20.95,2.57,3.86,,95.94,86.9549
2011-07-19,19.21,2.52,3.86,,97.49,86.4386
2011-07-20,19.09,2.56,3.86,,98.11,86.2794
2011-07-21,17.56,2.63,3.86,,98.96,85.8378
2011-07-22,17.52,2.59,3.86,,99.53,85.8623
2011-07-25,19.35,2.61,3.86,,98.97,85.8006
2011-07-26,20.23,2.58,3.86,,99.61,85.4692
2011-07-27,22.98,2.57,3.86,,97.4,85.7126
2011-07-28,23.74,2.56,3.86,,97.48,85.8245
2011-07-29,25.25,2.46,3.86,,95.68,85.7282
2011-08-01,23.66,2.39,3.86,,94.98,86.0391
2011-08-02,24.79,2.33,3.86,,93.78,86.0533
2011-08-03,23.38,2.31,3.86,,91.87,86.0706
2011-08-04,31.66,2.2,3.86,,86.75,86.9299
2011-08-05,32.0,2.3,3.86,,86.89,87.1084
2011-08-08,48.0,2.13,3.86,,81.27,87.1873
2011-08-09,35.06,2.01,3.86,,79.32,87.3919
2011-08-10,42.99,1.98,3.86,,83.05,87.3792
2011-08-11,39.0,2.15,3.86,,85.48,87.3215
2011-08-12,36.36,2.04,3.86,,85.19,87.177
2011-08-15,31.87,2.1,3.86,,87.88,86.7515
2011-08-16,32.85,2.03,3.86,,86.65,86.7115
2011-08-17,31.58,1.98,3.86,,87.58,86.5518
2011-08-18,42.67,1.88,3.86,,82.38,87.1271
2011-08-19,43.05,1.87,3.86,,82.33,86.8286
2011-08-22,42.44,1.88,3.86,,84.42,87.0753
2011-08-23,36.27,1.93,3.86,,85.35,86.9001
2011-08-24,35.9,2.06,3.86,,84.99,87.1316
2011-08-25,39.76,2.01,3.86,,85.15,87.2306
2011-08-26,35.59,1.99,3.86,,85.37,87.0751
2011-08-29,32.28,2.08,3.86,,87.27,86.8433
2011-08-30,32.89,1.99,3.86,,88.9,87.001
2011-08-31,31.62,2.03,3.86,,88.81,86.7739
2011-09-01,31.82,1.96,3.86,,88.93,86.8512
2011-09-02,33.92,1.82,3.86,,86.45,87.1797
2011-09-05,33.92,1.82,3.86,,86.45,87.1797
2011-09-06,37.0,1.77,3.86,,85.99,88.1645
2011-09-07,33.38,1.84,3.86,,89.34,87.9699
2011-09-08,34.32,1.81,3.86,,89.05,88.1162
2011-09-09,38.52,1.76,3.86,,87.24,88.9514
2011-09-12,38.59,1.73,3.86,,88.19,89.2192
2011-09-13,36.91,1.79,3.86,,90.21,89.2653
2011-09-14,34.6,1.84,3.86,,88.91,89.419
2011-09-15,31.97,1.88,3.86,,89.4,89.0647
2011-09-16,30.98,1.9,3.86,,87.96,89.1108
2011-09-19,32.73,1.81,3.86,,85.7,89.9336
2011-09-20,32.86,1.77,3.86,,86.92,89.8777
2011-09-21,37.32,1.67,3.86,,85.77,90.3453
2011-09-22,41.35,1.52,3.86,,80.29,92.075
2011-09-23,41.25,1.61,3.86,,79.58,91.6904
2011-09-26,39.02,1.66,3.86,,79.97,91.7724
2011-09-27,37.71,1.75,3.86,,84.18,90.8985
2011-09-28,41.08,1.76,3.86,,80.94,91.0227
2011-09-29,38.84,1.72,3.86,,81.87,91.3033
2011-09-30,42.96,1.67,3.86,,78.93,91.9998
2011-10-01,42.96,1.67,3.86,,78.93,91.9998
2011-10-03,45.45,1.56,3.86,,77.34,92.5128
2011-10-04,40.82,1.56,3.86,,75.4,92.9508
2011-10-05,37.81,1.67,3.86,,79.41,92.3008
2011-10-06,36.27,1.72,3.86,,82.32,91.9661
2011-10-07,36.2,1.8,3.86,,82.7,91.2469
2011-10-10,33.02,1.8,3.86,,85.14,91.2469
2011-10-11,32.86,1.86,3.86,,85.54,90.9162
2011-10-12,31.26,1.95,3.86,,85.3,90.3378
2011-10-13,30.7,1.9,3.86,,83.96,90.6603
2011-10-14,28.24,1.98,3.86,,86.8,90.2116
2011-10-17,33.39,1.9,3.86,,86.38,90.266
2011-10-18,31.56,1.91,3.86,,88.34,90.5907
2011-10-19,34.44,1.9,3.86,,86.11,90.3317
2011-10-20,34.78,1.92,3.86,,86.07,91.1026
2011-10-21,31.32,1.93,3.86,,87.19,90.279
2011-10-24,29.26,1.95,3.86,,91.12,89.8558
2011-10-25,32.22,1.88,3.86,,92.98,89.9525
2011-10-26,29.86,1.95,3.86,,90.2,90.0836
2011-10-27,25.46,2.11,3.86,,93.96,88.7882
2011-10-28,24.53,2.06,3.86,,93.32,88.6382
2011-10-31,29.96,1.92,3.86,,93.19,89.2053
2011-11-01,34.77,1.78,3.86,,92.19,90.7296
2011-11-02,32.74,1.8,3.86,,92.51,90.244
2011-11-03,30.5,1.85,3.86,,94.07,90.2961
2011-11-04,30.16,1.84,3.86,,94.26,90.3154
2011-11-07,29.85,1.79,3.86,,95.52,90.3832
2011-11-08,27.48,1.85,3.86,,96.8,90.172
2011-11-09,36.16,1.76,3.86,,95.74,90.6991
2011-11-10,32.81,1.8,3.86,,97.78,90.8588
2011-11-11,30.04,1.8,3.86,,98.99,90.8588
2011-11-14,31.13,1.8,3.86,,98.14,90.7215
2011-11-15,31.22,1.8,3.86,,99.37,91.1081
2011-11-16,33.51,1.75,3.86,,102.59,91.1237
2011-11-17,34.51,1.69,3.86,,98.82,91.1822
2011-11-18,32.0,1.72,3.86,,97.67,91.3676
2011-11-21,32.91,1.7,3.86,,96.73,91.9978
2011-11-22,31.97,1.68,3.86,,97.76,92.0193
2011-11-23,33.98,1.63,3.86,,96.16,92.7463
2011-11-24,33.98,1.63,3.86,,96.16,92.7463
2011-11-25,34.47,1.69,3.86,,96.91,93.1455
2011-11-28,32.13,1.71,3.86,,98.21,92.4983
2011-11-29,30.64,1.73,3.86,,99.79,92.2163
2011-11-30,27.8,1.83,3.86,,100.36,91.4728
2011-12-01,27.41,1.84,3.86,,100.2,91.227
2011-12-02,27.52,1.8,3.86,,100.97,91.3532
2011-12-05,27.84,1.77,3.86,,100.94,91.1087
2011-12-06,28.13,1.83,3.86,,101.25,91.2817
2011-12-07,28.67,1.78,3.86,,100.45,91.2331
2011-12-08,30.59,1.77,3.86,,98.35,91.668
2011-12-09,26.38,1.85,3.86,,99.4,91.6122
2011-12-12,25.67,1.79,3.86,,97.77,92.3375
2011-12-13,25.41,1.72,3.86,,100.24,92.5456
2011-12-14,26.04,1.67,3.86,,94.92,93.2176
2011-12-15,25.11,1.66,3.86,,93.84,92.8858
2011-12-16,24.29,1.62,3.86,,93.55,92.8252
2011-12-19,24.92,1.58,3.86,,93.86,92.8685
2011-12-20,23.22,1.68,3.86,,97.16,92.432
2011-12-21,21.43,1.7,3.86,,98.54,92.5262
2011-12-22,21.16,1.69,3.86,,99.42,92.3883
2011-12-23,20.73,1.75,3.86,,99.72,92.3897
2011-12-26,20.73,1.75,3.86,,99.72,92.3897
2011-12-27,21.91,1.72,3.86,,101.29,92.4137
2011-12-28,23.52,1.65,3.86,,99.44,92.8374
2011-12-29,22.65,1.63,3.86,,99.68,92.7398
2011-12-30,23.4,1.64,3.86,,98.83,92.4262
2012-01-01,23.4,1.64,3.86,,98.83,92.4262
2012-01-02,23.4,1.64,3.86,,98.83,92.4262
2012-01-03,22.97,1.7,3.86,,102.96,91.7551
2012-01-04,22.22,1.75,3.86,,103.22,92.0345
2012-01-05,21.48,1.75,3.86,,101.81,92.5773
2012-01-06,20.63,1.73,3.86,,101.56,92.7183
2012-01-09,21.07,1.72,3.86,,101.31,92.7418
2012-01-10,20.69,1.76,3.86,,102.24,92.2461
2012-01-11,21.05,1.69,3.86,,100.89,92.554
2012-01-12,20.47,1.72,3.86,,99.03,92.2274
2012-01-13,20.91,1.65,3.86,,98.69,92.5385
2012-01-16,20.91,1.65,3.86,,98.69,92.5385
2012-01-17,22.2,1.66,3.86,,100.7,92.0142
2012-01-18,20.89,1.68,3.86,,100.61,91.6943
2012-01-19,19.87,1.75,3.86,,100.32,91.3316
2012-01-20,18.28,1.79,3.86,,98.15,91.3661
2012-01-23,18.67,1.83,3.86,,99.47,90.986
2012-01-24,18.91,1.84,3.86,,98.84,91.181
2012-01-25,18.31,1.79,3.86,,99.23,91.277
2012-01-26,18.57,1.74,3.86,,99.76,90.3962
2012-01-27,18.53,1.71,3.86,,99.47,90.2559
2012-01-30,19.4,1.65,3.86,,98.75,90.4762
2012-01-31,19.44,1.61,3.86,,98.46,90.5538
2012-02-01,18.55,1.64,3.86,,97.63,90.0963
2012-02-02,17.98,1.63,3.86,,96.36,89.8765
2012-02-03,17.1,1.74,3.86,,97.8,89.8491
2012-02-06,17.76,1.69,3.86,,96.89,89.7907
2012-02-07,17.65,1.75,3.86,,98.55,89.5968
2012-02-08,18.16,1.74,3.86,,98.8,89.6555
2012-02-09,18.63,1.77,3.86,,99.88,89.6246
2012-02-10,20.79,1.69,3.86,,98.68,90.1024
2012-02-13,19.04,1.7,3.86,,100.39,89.8895
2012-02-14,19.54,1.63,3.86,,100.82,90.1919
2012-02-15,21.14,1.64,3.86,,101.82,90.1932
2012-02-16,19.22,1.7,3.86,,102.33,90.3109
2012-02-17,17.78,1.72,3.86,,103.27,90.23
2012-02-20,17.78,1.72,3.86,,103.27,90.23
2012-02-21,18.19,1.74,3.86,,105.88,90.0117
2012-02-22,18.19,1.72,3.86,,105.99,90.2472
2012-02-23,16.8,1.68,3.86,,107.44,90.1108
2012-02-24,17.31,1.67,3.86,,109.39,89.9104
2012-02-27,18.19,1.62,3.86,,108.49,89.9635
2012-02-28,17.96,1.64,3.86,,106.59,89.8103
2012-02-29,18.43,1.68,3.86,,107.08,89.7487
2012-03-01,17.26,1.73,3.86,,108.76,89.7817
2012-03-02,17.29,1.71,3.86,,106.68,90.135
2012-03-05,18.05,1.69,3.86,,106.7,90.2748
2012-03-06,20.87,1.66,3.86,,104.71,90.8237
2012-03-07,19.07,1.68,3.86,,106.16,90.6837
2012-03-08,17.95,1.71,3.86,,106.65,90.2598
2012-03-09,17.11,1.71,3.86,,107.4,90.4341
2012-03-12,15.64,1.71,3.86,,106.34,90.6643
2012-03-13,14.8,1.79,3.86,,106.7,90.5363
2012-03-14,15.31,1.89,3.86,,105.49,90.9325
2012-03-15,15.42,1.92,3.86,,105.19,90.7866
2012-03-16,14.47,1.94,3.86,,107.03,90.5245
2012-03-19,15.04,2.0,3.86,,108.09,90.292
2012-03-20,15.58,1.97,3.86,,105.68,90.6065
2012-03-21,15.13,1.92,3.86,,106.87,90.6761
2012-03-22,15.57,1.92,3.86,,104.98,90.8225
2012-03-23,14.82,1.88,3.86,,106.43,90.6156
2012-03-26,14.26,1.9,3.86,,107.07,90.3266
2012-03-27,15.59,1.87,3.86,,107.32,90.2796
2012-03-28,15.47,1.87,3.86,,105.4,90.603
2012-03-29,15.48,1.85,3.86,,102.79,90.7285
2012-03-30,15.5,1.9,3.86,,103.03,90.4593
2012-04-01,15.5,1.9,3.86,,103.03,90.4593
2012-04-02,15.64,1.89,3.86,,105.25,90.247
2012-04-03,15.66,1.94,3.86,,104.02,90.1921
2012-04-04,16.44,1.9,3.86,,101.53,90.8284
2012-04-05,16.7,1.84,3.86,,103.29,90.8781
2012-04-06,16.7,1.75,3.86,,103.29,90.9375
2012-04-09,18.81,1.74,3.86,,102.45,90.9624
2012-04-10,20.39,1.73,3.86,,101.12,91.2728
2012-04-11,20.02,1.75,3.86,,102.66,91.1768
2012-04-12,17.2,1.79,3.86,,103.69,90.7694
2012-04-13,19.55,1.75,3.86,,102.84,91.0558
2012-04-16,19.55,1.73,3.86,,102.92,91.2355
2012-04-17,18.46,1.76,3.86,,104.23,90.7661
2012-04-18,18.64,1.73,3.86,,102.65,90.9326
2012-04-19,18.36,1.71,3.86,,102.38,91.0833
2012-04-20,17.44,1.7,3.86,,103.58,90.8066
2012-04-23,18.97,1.69,3.86,,102.68,91.079
2012-04-24,18.1,1.73,3.86,,103.1,90.8153
2012-04-25,16.82,1.75,3.86,,103.72,90.756
2012-04-26,16.24,1.72,3.86,,104.56,90.6428
2012-04-27,16.32,1.7,3.86,,104.86,90.3269
2012-04-30,17.15,1.68,3.86,,104.89,90.3634
2012-05-01,16.6,1.71,3.86,,106.17,90.3227
2012-05-02,16.88,1.69,3.86,,105.25,90.6144
2012-05-03,17.56,1.68,3.86,,102.56,90.6839
2012-05-04,19.16,1.64,3.86,,98.49,91.0497
2012-05-07,18.94,1.65,3.86,,97.86,91.0747
2012-05-08,19.05,1.61,3.86,,97.13,91.4107
2012-05-09,20.08,1.6,3.86,,96.8,91.7632
2012-05-10,18.83,1.62,3.86,,97.1,91.7077
2012-05-11,19.89,1.57,3.86,,96.03,91.7306
2012-05-14,21.87,1.49,3.86,,94.75,92.2491
2012-05-15,21.97,1.47,3.86,,93.97,92.5235
2012-05-16,22.27,1.46,3.86,,92.78,92.903
2012-05-17,24.49,1.38,3.86,,92.53,92.9632
2012-05-18,25.1,1.39,3.86,,91.51,93.1395
2012-05-21,22.01,1.45,3.86,,92.57,93.0945
2012-05-22,22.48,1.49,3.86,,91.44,93.1113
2012-05-23,22.33,1.45,3.86,,89.4,93.8855
2012-05-24,21.54,1.48,3.86,,90.36,93.8027
2012-05-25,21.76,1.45,3.86,,90.64,93.9488
2012-05-28,21.76,1.45,3.86,,90.64,93.9488
2012-05-29,21.03,1.44,3.86,,90.75,93.875
2012-05-30,24.14,1.36,3.86,,87.79,94.302
2012-05-31,24.06,1.32,3.86,,86.52,94.6856
2012-06-01,26.66,1.22,3.86,,83.17,94.6979
2012-06-04,26.12,1.28,3.86,,83.95,94.5184
2012-06-05,24.68,1.32,3.86,,84.31,94.6184
2012-06-06,22.16,1.4,3.86,,85.05,94.0362
2012-06-07,21.72,1.39,3.86,,84.78,93.774
2012-06-08,21.23,1.37,3.86,,84.08,94.2024
2012-06-11,23.56,1.33,3.86,,82.58,94.0369
2012-06-12,22.09,1.37,3.86,,83.35,94.0693
2012-06-13,24.27,1.31,3.86,,82.56,93.8309
2012-06-14,21.68,1.34,3.86,,83.83,93.8152
2012-06-15,21.11,1.31,3.86,,84.03,93.5203
2012-06-18,18.32,1.3,3.86,,83.26,93.6431
2012-06-19,18.38,1.34,3.86,,83.99,93.0524
2012-06-20,17.24,1.33,3.86,,81.06,93.1602
2012-06-21,20.08,1.31,3.86,,77.91,93.6378
2012-06-22,18.11,1.38,3.86,,79.33,93.9205
2012-06-25,20.38,1.32,3.86,,78.76,94.1757
2012-06-26,19.72,1.35,3.86,,79.34,93.9859
2012-06-27,19.45,1.34,3.86,,80.27,93.8728
2012-06-28,19.71,1.29,3.86,,77.72,94.0203
2012-06-29,17.08,1.34,3.86,,85.04,92.9096
2012-07-01,17.08,1.34,3.86,,85.04,92.9096
2012-07-02,16.8,1.31,3.86,,83.72,92.951
2012-07-03,16.66,1.35,3.86,,87.74,92.6508
2012-07-04,16.66,1.35,3.86,,87.74,92.6508
2012-07-05,17.5,1.34,3.86,,87.11,93.2211
2012-07-06,17.1,1.3,3.86,,84.37,93.7087
2012-07-09,17.98,1.26,3.86,,85.93,93.6974
2012-07-10,18.72,1.26,3.86,,83.92,93.5552
2012-07-11,17.95,1.27,3.86,,85.88,93.5981
2012-07-12,18.33,1.25,3.86,,86.02,93.9298
2012-07-13,16.74,1.27,3.86,,87.15,93.5515
2012-07-16,17.11,1.26,3.86,,88.41,93.3746
2012-07-17,16.48,1.28,3.86,,89.07,93.3479
2012-07-18,16.16,1.3,3.86,,89.88,93.0973
2012-07-19,15.45,1.32,3.86,,92.78,93.0438
2012-07-20,16.27,1.27,3.86,,91.56,93.3653
2012-07-23,18.62,1.25,3.86,,87.77,93.9297
2012-07-24,20.47,1.22,3.86,,88.28,94.2635
2012-07-25,19.34,1.21,3.86,,88.8,94.0564
2012-07-26,17.53,1.22,3.86,,89.4,93.3595
2012-07-27,16.7,1.33,3.86,,90.13,92.9333
2012-07-30,18.03,1.3,3.86,,89.8,93.0524
2012-07-31,18.93,1.28,3.86,,88.08,92.8422
2012-08-01,18.96,1.32,3.86,,88.99,92.8905
2012-08-02,17.57,1.27,3.86,,87.22,93.4269
2012-08-03,15.64,1.36,3.86,,91.4,92.6048
2012-08-06,15.95,1.35,3.86,,92.3,92.4339
2012-08-07,15.99,1.39,3.86,,93.68,92.5128
2012-08-08,15.32,1.39,3.86,,93.39,92.5407
2012-08-09,15.28,1.4,3.86,,93.39,92.6057
2012-08-10,14.74,1.38,3.86,,92.94,92.5129
2012-08-13,13.7,1.38,3.86,,92.76,92.5955
2012-08-14,14.85,1.46,3.86,,93.4,92.6152
2012-08-15,14.63,1.53,3.86,,94.35,92.6838
2012-08-16,14.29,1.54,3.86,,95.66,92.5737
2012-08-17,13.45,1.52,3.86,,96.0,92.711
2012-08-20,14.02,1.53,3.86,,96.03,92.6263
2012-08-21,15.02,1.49,3.86,,96.55,92.3053
2012-08-22,15.11,1.45,3.86,,96.89,92.4362
2012-08-23,15.96,1.42,3.86,,95.87,92.1057
2012-08-24,15.18,1.4,3.86,,95.78,92.2785
2012-08-27,16.35,1.37,3.86,,95.54,92.3135
2012-08-28,16.49,1.37,3.86,,96.3,92.2033
2012-08-29,17.06,1.39,3.86,,95.5,92.3823
2012-08-30,17.83,1.36,3.86,,94.61,92.6239
2012-08-31,17.47,1.35,3.86,,96.47,92.1677
2012-09-01,17.47,1.35,3.86,,96.47,92.1677
2012-09-03,17.47,1.35,3.86,,96.47,92.1677
2012-09-04,17.98,1.36,3.86,,95.34,92.1582
2012-09-05,17.74,1.35,3.86,,95.37,92.1262
2012-09-06,15.6,1.41,3.86,,95.58,91.8973
2012-09-07,14.38,1.42,3.86,,96.41,91.3469
2012-09-10,16.28,1.43,3.86,,96.52,91.3102
2012-09-11,16.41,1.45,3.86,,97.03,91.0575
2012-09-12,15.8,1.52,3.86,,97.02,91.0477
2012-09-13,14.05,1.51,3.86,,98.3,90.9632
2012-09-14,14.51,1.61,3.86,,98.94,90.1436
2012-09-17,14.59,1.6,3.86,,96.51,90.2837
2012-09-18,14.18,1.57,3.86,,95.25,90.5029
2012-09-19,13.88,1.52,3.86,,91.97,90.4646
2012-09-20,14.07,1.53,3.86,,92.14,90.7631
2012-09-21,13.98,1.5,3.86,,92.64,90.5342
2012-09-24,14.15,1.47,3.86,,91.68,90.8263
2012-09-25,15.43,1.43,3.86,,91.07,90.6074
2012-09-26,16.81,1.38,3.86,,89.92,91.0028
2012-09-27,14.84,1.41,3.86,,91.89,90.7538
2012-09-28,15.73,1.42,3.86,,92.18,90.8342
2012-10-01,16.32,1.39,3.86,,92.44,90.7011
2012-10-02,15.71,1.41,3.86,,91.88,90.644
2012-10-03,15.43,1.41,3.86,,88.19,90.8726
2012-10-04,14.55,1.47,3.86,,91.69,90.4932
2012-10-05,14.33,1.48,3.86,,89.87,90.2851
2012-10-08,15.11,1.48,3.86,,89.43,90.2851
2012-10-09,16.37,1.49,3.86,,92.42,90.8703
2012-10-10,16.29,1.45,3.86,,91.24,90.883
2012-10-11,15.59,1.42,3.86,,92.19,90.7437
2012-10-12,16.14,1.42,3.86,,91.83,90.6833
2012-10-15,15.27,1.43,3.86,,91.84,90.6409
2012-10-16,15.22,1.48,3.86,,92.07,90.5583
2012-10-17,15.07,1.53,3.86,,92.04,90.2309
2012-10-18,15.03,1.57,3.86,,92.0,90.3804
2012-10-19,17.06,1.49,3.86,,90.0,90.8107
2012-10-22,16.62,1.51,3.86,,88.3,90.7911
2012-10-23,18.83,1.5,3.86,,86.65,91.0945
2012-10-24,18.33,1.51,3.86,,85.39,91.1275
2012-10-25,18.12,1.55,3.86,,85.59,91.02
2012-10-26,17.81,1.48,3.86,,85.84,91.1411
2012-10-29,17.81,1.44,3.86,,85.52,91.1411
2012-10-30,17.81,1.44,3.86,,85.65,91.1411
2012-10-31,18.6,1.42,3.86,,86.23,91.1609
2012-11-01,16.69,1.45,3.86,,87.05,91.1217
2012-11-02,17.59,1.47,3.86,,84.9,91.281
2012-11-05,18.42,1.44,3.86,,85.64,91.4778
2012-11-06,17.58,1.48,3.86,,88.62,91.2908
2012-11-07,19.08,1.41,3.86,,84.5,91.4514
2012-11-08,18.49,1.35,3.86,,85.07,91.5375
2012-11-09,18.61,1.34,3.86,,86.08,91.6871
2012-11-12,16.68,1.34,3.86,,85.56,91.6871
2012-11-13,16.65,1.32,3.86,,85.38,91.7356
2012-11-14,17.92,1.34,3.86,,86.32,91.7942
2012-11-15,17.99,1.34,3.86,,85.45,91.8837
2012-11-16,16.41,1.34,3.86,,86.62,92.0095
2012-11-19,15.24,1.36,3.86,,89.05,91.5653
2012-11-20,15.08,1.39,3.86,,86.46,91.556
2012-11-21,15.31,1.42,3.86,,87.08,91.6645
2012-11-22,15.31,1.42,3.86,,87.08,91.6645
2012-11-23,15.14,1.41,3.86,,87.01,91.2616
2012-11-26,15.5,1.39,3.86,,87.28,91.2789
2012-11-27,15.92,1.37,3.86,,86.81,91.2608
2012-11-28,15.51,1.36,3.86,,86.1,91.33
2012-11-29,15.06,1.37,3.86,,87.64,91.2104
2012-11-30,15.87,1.37,3.86,,88.54,91.1038
2012-12-01,15.87,1.37,3.86,,88.54,91.1038
2012-12-03,16.64,1.38,3.86,,88.69,91.0084
2012-12-04,17.12,1.37,3.86,,88.04,90.9748
2012-12-05,16.46,1.35,3.86,,87.36,90.9423
2012-12-06,16.58,1.34,3.86,,85.47,91.0629
2012-12-07,15.9,1.39,3.86,,85.45,91.0437
2012-12-10,16.05,1.39,3.86,,85.14,90.9631
2012-12-11,15.57,1.42,3.86,,85.36,90.8403
2012-12-12,15.95,1.47,3.86,,86.35,90.7708
2012-12-13,16.56,1.47,3.86,,85.39,90.776
2012-12-14,17.0,1.48,3.86,,86.32,90.7156
2012-12-17,16.34,1.53,3.86,,86.71,90.6193
2012-12-18,15.57,1.56,3.86,,87.46,90.5161
2012-12-19,17.36,1.54,3.86,,89.09,90.4896
2012-12-20,17.67,1.53,3.86,,89.76,90.6002
2012-12-21,17.84,1.51,3.86,,88.2,90.9597
2012-12-24,17.84,1.53,3.86,,88.29,91.0354
2012-12-25,17.84,1.53,3.86,,88.29,91.0354
2012-12-26,19.48,1.51,3.86,,90.71,91.0606
2012-12-27,19.47,1.48,3.86,,90.91,91.1037
2012-12-28,22.72,1.46,3.86,,90.66,91.0419
2012-12-31,18.02,1.53,3.86,,91.83,91.0834
2013-01-01,18.02,1.53,3.86,,91.83,91.0834
2013-01-02,14.68,1.59,3.86,,93.14,90.6941
2013-01-03,14.56,1.65,3.86,,92.97,90.8097
2013-01-04,13.83,1.66,3.86,,93.12,91.1025
2013-01-07,13.79,1.65,3.86,,93.2,90.9852
2013-01-08,13.62,1.64,3.86,,93.21,91.057
2013-01-09,13.81,1.64,3.86,,93.08,91.0088
2013-01-10,13.49,1.65,3.86,,93.81,90.6425
2013-01-11,13.36,1.63,3.86,,93.6,90.5352
2013-01-14,13.52,1.63,3.86,,94.27,90.4935
2013-01-15,13.55,1.6,3.86,,93.26,90.5191
2013-01-16,13.42,1.58,3.86,,94.28,90.596
2013-01-17,13.57,1.61,3.86,,95.49,90.5401
2013-01-18,12.46,1.61,3.86,,95.61,90.8697
2013-01-21,12.46,1.61,3.86,,95.61,90.8697
2013-01-22,12.43,1.6,3.86,,96.09,90.7892
2013-01-23,12.46,1.6,3.86,,95.06,90.8376
2013-01-24,12.69,1.65,3.86,,95.35,90.9112
2013-01-25,12.89,1.7,3.86,,95.15,91.0868
2013-01-28,13.57,1.71,3.86,,95.95,91.2354
2013-01-29,13.31,1.73,3.86,,97.62,90.9406
2013-01-30,14.32,1.76,3.86,,97.98,90.8836
2013-01-31,14.28,1.75,3.86,,97.65,90.798
2013-02-01,12.9,1.77,3.86,,97.46,90.6923
2013-02-04,14.67,1.75,3.86,,96.21,90.9774
2013-02-05,13.72,1.77,3.86,,96.68,90.881
2013-02-06,13.41,1.73,3.86,,96.44,91.0176
2013-02-07,13.5,1.74,3.86,,95.84,91.2912
2013-02-08,13.02,1.74,3.86,,95.71,91.3056
2013-02-11,12.94,1.72,3.86,,97.01,91.4451
2013-02-12,12.64,1.73,3.86,,97.48,91.2779
2013-02-13,12.98,1.76,3.86,,97.03,91.2709
2013-02-14,12.66,1.73,3.86,,97.3,91.366
2013-02-15,12.46,1.72,3.86,,95.95,91.4551
2013-02-18,12.46,1.72,3.86,,95.95,91.4551
2013-02-19,12.31,1.74,3.86,,96.69,91.5073
2013-02-20,14.68,1.75,3.86,,94.92,91.6689
2013-02-21,15.22,1.73,3.86,,92.79,92.0394
2013-02-22,14.17,1.7,3.86,,93.12,92.1197
2013-02-25,18.99,1.63,3.86,,92.74,92.1975
2013-02-26,16.87,1.63,3.86,,92.63,92.4247
2013-02-27,14.73,1.64,3.86,,92.84,92.234
2013-02-28,15.51,1.64,3.86,,92.03,92.295
2013-03-01,15.36,1.61,3.86,,90.71,92.6177
2013-03-04,14.01,1.64,3.86,,90.13,92.6316
2013-03-05,13.48,1.65,3.86,,90.88,92.4965
2013-03-06,13.53,1.7,3.86,,90.47,92.4965
2013-03-07,13.06,1.75,3.86,,91.53,92.5462
2013-03-08,12.59,1.79,3.86,,92.01,92.6252
2013-03-11,11.56,1.8,3.86,,92.07,92.5351
2013-03-12,12.27,1.76,3.86,,92.44,92.3853
2013-03-13,11.83,1.77,3.86,,92.47,92.4709
2013-03-14,11.3,1.77,3.86,,93.03,92.4695
2013-03-15,11.3,1.76,3.86,,93.49,92.128
2013-03-18,13.36,1.7,3.86,,93.71,92.3377
2013-03-19,14.39,1.68,3.86,,92.44,92.526
2013-03-20,12.67,1.7,3.86,,93.21,92.4141
2013-03-21,13.99,1.68,3.86,,92.46,92.3322
2013-03-22,13.57,1.67,3.86,,93.41,92.2051
2013-03-25,13.74,1.69,3.86,,94.55,92.3081
2013-03-26,12.77,1.67,3.86,,95.99,92.232
2013-03-27,13.15,1.62,3.86,,96.53,92.446
2013-03-28,12.7,1.62,3.86,,97.24,92.2544
2013-03-29,12.7,1.62,3.86,,97.24,92.302
2013-04-01,13.58,1.63,3.86,,97.1,92.1687
2013-04-02,12.78,1.63,3.86,,97.23,92.1432
2013-04-03,14.21,1.59,3.86,,95.02,92.104
2013-04-04,13.89,1.56,3.86,,93.26,92.3896
2013-04-05,13.92,1.48,3.86,,92.76,92.1043
2013-04-08,13.19,1.52,3.86,,93.36,92.2317
2013-04-09,12.84,1.54,3.86,,94.18,91.9669
2013-04-10,12.36,1.6,3.86,,94.59,91.9598
2013-04-11,12.24,1.58,3.86,,93.44,91.6972
2013-04-12,12.06,1.53,3.86,,91.23,91.7967
2013-04-15,17.27,1.5,3.86,,88.75,91.9457
2013-04-16,13.96,1.51,3.86,,88.73,91.8451
2013-04-17,16.51,1.49,3.86,,86.65,92.1372
2013-04-18,17.56,1.48,3.86,,87.83,92.176
2013-04-19,14.97,1.49,3.86,,88.04,92.2166
2013-04-22,14.39,1.48,3.86,,88.81,92.3591
2013-04-23,13.48,1.51,3.86,,89.21,92.3836
2013-04-24,13.61,1.5,3.86,,91.07,92.4581
2013-04-25,13.62,1.51,3.86,,93.27,92.0394
2013-04-26,13.61,1.48,3.86,,92.63,91.9012
2013-04-29,13.71,1.5,3.86,,94.09,91.6539
2013-04-30,13.52,1.48,3.86,,93.22,91.3741
2013-05-01,14.49,1.46,3.86,,90.74,91.4331
2013-05-02,13.59,1.46,3.86,,93.7,91.6174
2013-05-03,12.85,1.56,3.86,,95.25,91.5087
2013-05-06,12.66,1.58,3.86,,95.8,91.6387
2013-05-07,12.83,1.6,3.86,,95.28,91.5201
2013-05-08,12.66,1.59,3.86,,96.24,91.1848
2013-05-09,13.13,1.59,3.86,,96.09,91.3036
2013-05-10,12.59,1.64,3.86,,95.81,92.2527
2013-05-13,12.55,1.68,3.86,,94.76,92.2711
2013-05-14,12.77,1.7,3.86,,93.96,92.3697
2013-05-15,12.81,1.68,3.86,,93.95,92.7691
2013-05-16,13.07,1.64,3.86,,94.85,92.6602
2013-05-17,12.45,1.69,3.86,,95.72,93.1617
2013-05-20,13.02,1.71,3.86,,96.29,93.0359
2013-05-21,13.37,1.68,3.86,,95.55,92.9662
2013-05-22,13.82,1.77,3.86,,93.98,93.3104
2013-05-23,14.07,1.76,3.86,,94.12,93.2113
2013-05-24,13.99,1.75,3.86,,93.84,93.2768
2013-05-27,13.99,1.75,3.86,,93.84,93.2768
2013-05-28,14.48,1.86,3.86,,94.65,93.5853
2013-05-29,14.83,1.83,3.86,,93.13,93.531
2013-05-30,14.53,1.82,3.86,,93.57,93.4219
2013-05-31,16.3,1.86,3.86,,91.93,93.6076
2013-06-01,16.3,1.86,3.86,,91.93,93.6076
2013-06-03,16.28,1.83,3.86,,93.41,93.163
2013-06-04,16.27,1.82,3.86,,93.36,93.3067
2013-06-05,17.5,1.8,3.86,,93.66,93.275
2013-06-06,16.63,1.78,3.86,,94.71,92.809
2013-06-07,15.14,1.85,3.86,,96.11,92.6056
2013-06-10,15.44,1.9,3.86,,95.82,92.973
2013-06-11,17.07,1.86,3.86,,95.5,92.7996
2013-06-12,18.59,1.91,3.86,,95.98,92.4775
2013-06-13,16.41,1.87,3.86,,96.66,92.3449
2013-06-14,17.15,1.85,3.86,,97.83,92.1886
2013-06-17,16.8,1.92,3.86,,97.86,92.3332
2013-06-18,16.61,1.93,3.86,,98.46,92.5432
2013-06-19,16.64,2.02,3.86,,98.24,92.4755
2013-06-20,20.49,2.08,3.86,,94.89,94.125
2013-06-21,18.9,2.14,3.86,,93.81,94.4243
2013-06-24,20.11,2.15,3.86,,95.07,94.5714
2013-06-25,18.47,2.17,3.86,,95.25,94.3285
2013-06-26,17.21,2.16,3.86,,95.47,94.3807
2013-06-27,16.86,2.13,3.86,,97.0,94.2429
2013-06-28,16.86,2.16,3.86,,96.36,94.3047
2013-07-01,16.37,2.16,3.86,,97.94,94.0998
2013-07-02,16.44,2.14,3.86,,99.65,94.4051
2013-07-03,16.2,2.16,3.86,,101.92,94.4767
2013-07-04,16.2,2.16,3.86,,101.92,94.4767
2013-07-05,14.89,2.33,3.86,,103.09,95.0639
2013-07-08,14.78,2.28,3.86,,103.03,94.9954
2013-07-09,14.35,2.28,3.86,,103.46,94.9467
2013-07-10,14.21,2.32,3.86,,106.41,94.7595
2013-07-11,14.01,2.26,3.86,,104.77,93.949
2013-07-12,13.84,2.24,3.86,,105.85,94.0029
2013-07-15,13.79,2.23,3.86,,106.2,93.9729
2013-07-16,14.42,2.21,3.86,,105.88,93.5232
2013-07-17,13.78,2.2,3.86,,106.39,93.5498
2013-07-18,13.77,2.24,3.86,,107.94,93.681
2013-07-19,12.54,2.18,3.86,,108.0,93.4759
2013-07-22,12.29,2.18,3.86,,106.61,93.2253
2013-07-23,12.66,2.2,3.86,,107.13,93.1631
2013-07-24,13.18,2.27,3.86,,105.41,93.3124
2013-07-25,12.97,2.29,3.86,,105.47,93.2862
2013-07-26,12.72,2.27,3.86,,104.76,93.1695
2013-07-29,13.39,2.28,3.86,,104.61,93.1663
2013-07-30,13.39,2.3,3.86,,103.14,93.3976
2013-07-31,13.45,2.29,3.86,,105.1,93.5703
2013-08-01,12.94,2.39,3.86,,107.93,93.7972
2013-08-02,11.98,2.33,3.86,,106.94,93.5789
2013-08-05,11.84,2.35,3.86,,106.61,93.507
2013-08-06,12.72,2.35,3.86,,105.32,93.3199
2013-08-07,12.98,2.29,3.86,,104.41,93.2652
2013-08-08,12.73,2.28,3.86,,103.45,92.8483
2013-08-09,13.41,2.25,3.86,,106.04,92.8394
2013-08-12,12.81,2.29,3.86,,106.19,92.9178
2013-08-13,12.31,2.37,3.86,,106.78,93.476
2013-08-14,13.04,2.37,3.86,,106.89,93.382
2013-08-15,14.73,2.41,3.86,,107.43,93.5059
2013-08-16,14.37,2.48,3.86,,107.58,93.4255
2013-08-19,15.1,2.52,3.86,,107.14,93.6623
2013-08-20,14.91,2.46,3.86,,104.9,93.5536
2013-08-21,15.94,2.49,3.86,,103.93,94.0362
2013-08-22,14.76,2.48,3.86,,104.93,94.2804
2013-08-23,13.98,2.42,3.86,,106.48,93.9466
2013-08-26,14.99,2.38,3.86,,105.88,94.1853
2013-08-27,16.77,2.34,3.86,,109.11,94.3934
2013-08-28,16.49,2.38,3.86,,110.17,94.4127
2013-08-29,16.81,2.36,3.86,,108.51,94.6398
2013-08-30,17.01,2.39,3.86,,107.98,94.7541
2013-09-01,17.01,2.39,3.86,,107.98,94.7541
2013-09-02,17.01,2.39,3.86,,107.98,94.7541
2013-09-03,16.61,2.43,3.86,,108.67,94.9574
2013-09-04,15.88,2.44,3.86,,107.29,94.5739
2013-09-05,15.77,2.46,3.86,,108.5,94.8891
2013-09-06,15.85,2.48,3.86,,110.62,94.2487
2013-09-09,15.63,2.45,3.86,,109.62,94.0009
2013-09-10,14.53,2.46,3.86,,107.48,93.938
2013-09-11,13.82,2.46,3.86,,107.65,93.7112
2013-09-12,14.29,2.47,3.86,,108.72,93.5903
2013-09-13,14.16,2.45,3.86,,108.31,93.6666
2013-09-16,14.38,2.47,3.86,,106.54,93.2875
2013-09-17,14.53,2.47,3.86,,105.36,93.2231
2013-09-18,13.59,2.35,3.86,,108.23,93.2569
2013-09-19,13.16,2.42,3.86,,106.26,92.4082
2013-09-20,13.12,2.41,3.86,,104.7,92.6049
2013-09-23,14.31,2.37,3.86,,103.62,92.613
2013-09-24,14.08,2.32,3.86,,103.22,92.7691
2013-09-25,14.01,2.27,3.86,,102.68,92.7675
2013-09-26,14.06,2.32,3.86,,103.1,93.0096
2013-09-27,15.46,2.3,3.86,,102.86,92.9747
2013-09-30,16.6,2.31,3.86,,102.36,92.9207
2013-10-01,15.54,2.33,3.86,,102.09,92.9515
2013-10-02,16.6,2.32,3.86,,104.15,92.772
2013-10-03,17.67,2.29,3.86,,103.29,92.7461
2013-10-04,16.74,2.33,3.86,,103.83,92.6469
2013-10-07,19.41,2.28,3.86,,103.07,92.6725
2013-10-08,20.34,2.26,3.86,,103.54,92.7558
2013-10-09,19.6,2.31,3.86,,101.63,93.0829
2013-10-10,16.48,2.36,3.86,,103.08,92.8579
2013-10-11,15.72,2.35,3.86,,102.17,92.854
2013-10-14,16.07,2.35,3.86,,102.46,92.854
2013-10-15,18.66,2.38,3.86,,101.15,92.7642
2013-10-16,14.71,2.35,3.86,,102.34,92.6819
2013-10-17,13.48,2.28,3.86,,100.72,92.0246
2013-10-18,13.04,2.27,3.86,,100.87,91.9989
2013-10-21,13.16,2.3,3.86,,99.28,92.2498
2013-10-22,13.33,2.23,3.86,,97.63,91.9563
2013-10-23,13.42,2.2,3.86,,96.9,92.0947
2013-10-24,13.2,2.2,3.86,,96.65,92.1867
2013-10-25,13.09,2.21,3.86,,97.4,92.1623
2013-10-28,13.31,2.22,3.86,,98.74,92.1872
2013-10-29,13.41,2.22,3.86,,98.29,92.301
2013-10-30,13.65,2.22,3.86,,96.81,92.3057
2013-10-31,13.75,2.26,3.86,,96.29,92.731
2013-11-01,13.28,2.32,3.86,,94.56,93.155
2013-11-04,12.93,2.31,3.86,,94.58,92.9359
2013-11-05,13.27,2.37,3.86,,93.4,93.2112
2013-11-06,12.67,2.37,3.86,,94.74,93.0943
2013-11-07,13.91,2.34,3.86,,94.25,93.4003
2013-11-08,12.9,2.45,3.86,,94.56,93.6619
2013-11-11,12.53,2.45,3.86,,95.13,93.6619
2013-11-12,12.82,2.46,3.86,,93.12,93.7651
2013-11-13,12.52,2.43,3.86,,93.91,93.4848
2013-11-14,12.37,2.4,3.86,,93.76,93.4328
2013-11-15,12.19,2.4,3.86,,93.8,93.2854
2013-11-18,13.1,2.36,3.86,,93.03,92.9824
2013-11-19,13.39,2.42,3.86,,93.35,93.0649
2013-11-20,13.4,2.52,3.86,,93.34,93.2501
2013-11-21,12.66,2.5,3.86,,95.35,93.5638
2013-11-22,12.26,2.44,3.86,,94.53,93.4198
2013-11-25,12.79,2.44,3.86,,93.86,93.5539
2013-11-26,12.81,2.42,3.86,,93.41,93.5226
2013-11-27,12.98,2.46,3.86,,92.05,93.6864
2013-11-28,12.98,2.46,3.86,,92.05,93.6864
2013-11-29,13.7,2.47,3.86,,92.55,93.6291
2013-12-01,13.7,2.47,3.86,,92.55,93.6291
2013-12-02,14.23,2.51,3.86,,93.61,93.8856
2013-12-03,14.55,2.51,3.86,,95.83,93.8251
2013-12-04,14.7,2.54,3.86,,96.97,93.8997
2013-12-05,15.08,2.58,3.86,,97.14,93.4954
2013-12-06,13.79,2.58,3.86,,97.48,93.4045
2013-12-09,13.49,2.56,3.86,,97.1,93.1444
2013-12-10,13.91,2.51,3.86,,98.32,93.1444
2013-12-11,15.42,2.55,3.86,,97.25,93.0842
2013-12-12,15.54,2.55,3.86,,97.21,93.4292
2013-12-13,15.76,2.54,3.86,,96.27,93.3568
2013-12-16,16.03,2.55,3.86,,97.18,93.2175
2013-12-17,16.21,2.51,3.86,,96.99,93.302
2013-12-18,13.8,2.57,3.86,,97.59,93.4207
2013-12-19,14.15,2.59,3.86,,98.4,93.7368
2013-12-20,13.79,2.52,3.86,,99.11,93.7211
2013-12-23,13.04,2.56,3.86,,98.62,93.572
2013-12-24,12.48,2.61,3.86,,98.87,93.6734
2013-12-25,12.48,2.61,3.86,,98.87,93.6734
2013-12-26,12.33,2.58,3.86,,99.18,93.766
2013-12-27,12.46,2.62,3.86,,99.94,93.7018
2013-12-30,13.56,2.6,3.86,,98.9,93.4866
2013-12-31,13.72,2.66,3.86,,98.17,93.5576
2014-01-01,13.72,2.66,3.86,,98.17,93.5576
2014-01-02,14.23,2.61,3.86,,95.14,93.8192
2014-01-03,13.76,2.6,3.86,,93.66,93.853
2014-01-06,13.55,2.58,3.86,,93.12,93.9109
2014-01-07,12.92,2.56,3.86,,93.31,94.0398
2014-01-08,12.87,2.58,3.86,,91.9,94.2181
2014-01-09,12.89,2.53,3.86,,91.36,94.3299
2014-01-10,12.14,2.49,3.86,,92.39,94.0045
2014-01-13,13.28,2.45,3.86,,91.45,93.899
2014-01-14,12.28,2.49,3.86,,92.15,94.0303
2014-01-15,12.28,2.49,3.86,,93.78,94.341
2014-01-16,12.53,2.45,3.86,,93.54,94.5507
2014-01-17,12.44,2.44,3.86,,93.96,94.5846
2014-01-20,12.44,2.44,3.86,,93.96,94.5846
2014-01-21,12.87,2.45,3.86,,94.51,94.679
2014-01-22,12.84,2.43,3.86,,96.35,94.8479
2014-01-23,13.77,2.4,3.86,,97.23,94.8415
2014-01-24,18.14,2.38,3.86,,96.66,94.8555
2014-01-27,17.42,2.41,3.86,,95.82,94.9059
2014-01-28,15.8,2.39,3.86,,97.49,94.88
2014-01-29,17.35,2.33,3.86,,97.34,94.8621
2014-01-30,17.29,2.36,3.86,,98.25,95.1294
2014-01-31,18.41,2.33,3.86,,97.55,95.1774
2014-02-01,18.41,2.33,3.86,,97.55,95.1774
2014-02-03,21.44,2.31,3.86,,96.44,95.2469
2014-02-04,19.11,2.33,3.86,,97.24,95.0438
2014-02-05,19.95,2.38,3.86,,97.4,95.0285
2014-02-06,17.23,2.4,3.86,,97.84,94.7177
2014-02-07,15.29,2.41,3.86,,99.98,94.7457
2014-02-10,15.26,2.38,3.86,,100.12,94.7189
2014-02-11,14.51,2.4,3.86,,99.96,94.6377
2014-02-12,14.3,2.45,3.86,,100.38,94.6209
2014-02-13,14.14,2.41,3.86,,100.27,94.6209
2014-02-14,13.57,2.43,3.86,,100.31,94.2711
2014-02-17,13.57,2.43,3.86,,100.31,94.2711
2014-02-18,13.87,2.4,3.86,,102.54,94.1934
2014-02-19,15.5,2.4,3.86,,103.46,94.38
2014-02-20,14.79,2.42,3.86,,103.2,94.6571
2014-02-21,14.68,2.4,3.86,,102.53,94.6571
2014-02-24,14.23,2.4,3.86,,103.17,94.4042
2014-02-25,13.67,2.36,3.86,,102.2,94.4735
2014-02-26,14.35,2.34,3.86,,102.93,94.7754
2014-02-27,14.04,2.32,3.86,,102.68,94.6722
2014-02-28,14.0,2.33,3.86,,102.88,94.3879
2014-03-01,14.0,2.33,3.86,,102.88,94.3879
2014-03-03,16.0,2.28,3.86,,105.34,94.3879
2014-03-04,14.1,2.37,3.86,,103.64,94.6568
2014-03-05,13.89,2.37,3.86,,101.75,94.4679
2014-03-06,14.21,2.37,3.86,,101.82,93.9858
2014-03-07,14.11,2.42,3.86,,102.82,94.2532
2014-03-10,14.2,2.42,3.86,,101.39,94.3731
2014-03-11,14.8,2.4,3.86,,100.29,94.387
2014-03-12,14.47,2.36,3.86,,98.29,94.462
2014-03-13,16.22,2.32,3.86,,98.57,94.1872
2014-03-14,17.82,2.29,3.86,,99.23,94.243
2014-03-17,15.64,2.32,3.86,,98.43,94.243
2014-03-18,14.52,2.32,3.86,,100.08,94.2631
2014-03-19,15.12,2.31,3.86,,100.71,94.3752
2014-03-20,14.52,2.34,3.86,,99.68,94.9986
2014-03-21,15.0,2.3,3.86,,99.97,94.8547
2014-03-24,15.09,2.27,3.86,,100.05,94.759
2014-03-25,14.02,2.28,3.86,,99.66,94.6379
2014-03-26,14.93,2.26,3.86,,100.61,94.5281
2014-03-27,14.62,2.24,3.86,,101.25,94.3315
2014-03-28,14.41,2.28,3.86,,101.73,94.3683
2014-03-31,13.88,2.29,3.86,,101.57,94.2432
2014-04-01,13.1,2.33,3.86,,99.69,94.1244
2014-04-02,13.09,2.35,3.86,,99.6,94.3103
2014-04-03,13.37,2.34,3.86,,100.29,94.512
2014-04-04,13.96,2.31,3.86,,101.16,94.2191
2014-04-07,15.57,2.3,3.86,,100.43,94.0881
2014-04-08,14.89,2.29,3.86,,102.57,93.6579
2014-04-09,13.82,2.34,3.86,,103.55,93.6716
2014-04-10,15.89,2.28,3.86,,103.37,93.5123
2014-04-11,17.03,2.26,3.86,,103.68,93.6395
2014-04-14,16.11,2.28,3.86,,104.05,93.8046
2014-04-15,15.61,2.25,3.86,,103.7,93.9486
2014-04-16,14.18,2.26,3.86,,103.71,93.9461
2014-04-17,13.36,2.3,3.86,,104.33,93.8936
2014-04-18,13.36,2.3,3.86,,104.33,93.9629
2014-04-21,13.25,2.31,3.86,,104.35,94.0337
2014-04-22,13.19,2.28,3.86,,101.69,94.0802
2014-04-23,13.27,2.27,3.86,,101.47,94.149
2014-04-24,13.32,2.27,3.86,,102.2,94.1294
2014-04-25,14.06,2.25,3.86,,100.85,94.1623
2014-04-28,13.97,2.26,3.86,,101.13,94.1374
2014-04-29,13.71,2.27,3.86,,101.56,94.0295
2014-04-30,13.41,2.25,3.86,,100.07,93.8896
2014-05-01,13.25,2.22,3.86,,99.69,93.8707
2014-05-02,12.91,2.18,3.86,,100.09,93.8182
2014-05-05,13.29,2.2,3.86,,99.74,93.7334
2014-05-06,13.8,2.18,3.86,,99.81,93.4324
2014-05-07,13.4,2.21,3.86,,101.06,93.4337
2014-05-08,13.43,2.21,3.86,,100.52,93.3686
2014-05-09,12.92,2.22,3.86,,100.32,93.6614
2014-05-12,12.23,2.25,3.86,,100.89,93.6537
2014-05-13,12.13,2.22,3.86,,102.01,93.6755
2014-05-14,12.17,2.15,3.86,,102.63,93.5968
2014-05-15,13.17,2.12,3.86,,101.74,93.7065
2014-05-16,12.44,2.14,3.86,,102.31,93.6073
2014-05-19,12.42,2.18,3.86,,102.95,93.502
2014-05-20,12.96,2.17,3.86,,102.8,93.6699
2014-05-21,11.91,2.17,3.86,,104.31,93.7629
2014-05-22,12.03,2.19,3.86,,104.03,93.6944
2014-05-23,11.36,2.17,3.86,,105.01,93.7042
2014-05-26,11.36,2.17,3.86,,105.01,93.7042
2014-05-27,11.51,2.13,3.86,,104.78,93.8418
2014-05-28,11.68,2.07,3.86,,103.37,93.8793
2014-05-29,11.57,2.08,3.86,,104.26,93.6973
2014-05-30,11.4,2.11,3.86,,103.4,93.7606
2014-06-01,11.4,2.11,3.86,,103.4,93.7606
2014-06-02,11.58,2.15,3.86,,103.07,94.0006
2014-06-03,11.87,2.19,3.86,,103.34,94.0536
2014-06-04,12.08,2.2,3.86,,103.27,94.1239
2014-06-05,11.68,2.19,3.86,,103.17,93.9732
2014-06-06,10.73,2.19,3.86,,103.32,93.9069
2014-06-09,11.15,2.19,3.86,,105.09,93.9628
2014-06-10,10.99,2.19,3.86,,105.02,94.0638
2014-06-11,11.6,2.21,3.86,,105.04,93.9744
2014-06-12,12.56,2.16,3.86,,107.2,93.8155
2014-06-13,12.18,2.15,3.86,,107.49,93.9168
2014-06-16,12.65,2.12,3.86,,107.52,93.8639
2014-06-17,12.06,2.15,3.86,,106.95,94.0829
2014-06-18,10.61,2.13,3.86,,106.64,94.0525
2014-06-19,10.62,2.16,3.86,,107.08,93.752
2014-06-20,10.85,2.13,3.86,,107.95,93.7591
2014-06-23,10.98,2.15,3.86,,106.83,93.628
2014-06-24,12.13,2.1,3.86,,106.64,93.7093
2014-06-25,11.59,2.09,3.86,,107.04,93.5851
2014-06-26,11.63,2.07,3.86,,106.49,93.5471
2014-06-27,11.26,2.09,3.86,,106.46,93.3983
2014-06-30,11.57,2.06,3.86,,106.07,93.2058
2014-07-01,11.15,2.11,3.86,,106.06,93.1365
2014-07-02,10.82,2.15,3.86,,105.18,93.2478
2014-07-03,10.32,2.13,3.86,,104.76,93.3149
2014-07-04,10.32,2.13,3.86,,104.76,93.3149
2014-07-07,11.33,2.11,3.86,,104.19,93.3803
2014-07-08,11.98,2.07,3.86,,104.06,93.323
2014-07-09,11.65,2.06,3.86,,102.93,93.228
2014-07-10,12.59,2.09,3.86,,103.61,93.3152
2014-07-11,12.08,2.05,3.86,,101.48,93.4171
2014-07-14,11.82,2.07,3.86,,101.73,93.4101
2014-07-15,11.96,2.07,3.86,,100.56,93.5796
2014-07-16,11.0,2.05,3.86,,101.88,93.5991
2014-07-17,14.54,2.0,3.86,,103.84,93.6586
2014-07-18,12.06,1.99,3.86,,103.83,93.6608
2014-07-21,12.81,1.98,3.86,,105.34,93.6069
2014-07-22,12.24,1.99,3.86,,104.59,93.6306
2014-07-23,11.52,1.98,3.86,,103.81,93.5951
2014-07-24,11.84,1.99,3.86,,102.76,93.6836
2014-07-25,12.69,1.95,3.86,,105.23,93.8294
2014-07-28,12.56,1.96,3.86,,105.68,93.83
2014-07-29,13.28,1.93,3.86,,104.91,94.0443
2014-07-30,13.33,2.01,3.86,,104.29,94.3473
2014-07-31,16.95,2.05,3.86,,98.23,94.4467
2014-08-01,17.03,2.05,3.86,,97.86,94.4754
2014-08-04,15.12,2.04,3.86,,98.26,94.448
2014-08-05,16.87,2.02,3.86,,97.34,94.6754
2014-08-06,16.37,2.01,3.86,,96.93,94.6092
2014-08-07,16.66,1.99,3.86,,97.34,94.6364
2014-08-08,15.77,1.99,3.86,,97.61,94.6027
2014-08-11,14.23,1.97,3.86,,98.09,94.4767
2014-08-12,14.13,2.01,3.86,,97.36,94.5211
2014-08-13,12.9,2.0,3.86,,97.57,94.4681
2014-08-14,12.42,1.98,3.86,,95.54,94.3508
2014-08-15,13.15,1.92,3.86,,97.3,94.2941
2014-08-18,12.32,1.95,3.86,,96.44,94.2519
2014-08-19,12.21,1.94,3.86,,94.35,94.4356
2014-08-20,11.78,1.94,3.86,,96.4,94.5937
2014-08-21,11.76,1.92,3.86,,93.97,94.673
2014-08-22,11.47,1.87,3.86,,93.61,94.8012
2014-08-25,11.7,1.86,3.86,,95.39,94.9159
2014-08-26,11.63,1.87,3.86,,95.78,94.8617
2014-08-27,11.78,1.86,3.86,,95.82,94.6863
2014-08-28,12.05,1.84,3.86,,96.44,94.6947
2014-08-29,11.98,1.87,3.86,,97.86,94.7251
2014-09-01,11.98,1.87,3.86,,97.86,94.7251
2014-09-02,12.25,1.89,3.86,,92.92,95.063
2014-09-03,12.36,1.89,3.86,,95.5,94.8709
2014-09-04,12.64,1.91,3.86,,94.51,95.2641
2014-09-05,12.09,1.94,3.86,,93.32,95.2203
2014-09-08,12.66,1.94,3.86,,92.64,95.4167
2014-09-09,13.5,1.94,3.86,,92.73,95.8811
2014-09-10,12.88,1.96,3.86,,91.71,95.8641
2014-09-11,12.8,1.96,3.86,,92.89,95.9184
2014-09-12,13.31,2.04,3.86,,92.18,96.0748
2014-09-15,14.12,2.02,3.86,,92.86,96.1195
2014-09-16,12.73,2.05,3.86,,94.91,95.8483
2014-09-17,12.65,2.03,3.86,,94.33,95.9106
2014-09-18,12.03,2.04,3.86,,93.07,96.1284
2014-09-19,12.11,2.0,3.86,,92.43,96.3417
2014-09-22,13.69,1.99,3.86,,91.46,96.4625
2014-09-23,14.93,1.97,3.86,,91.55,96.5112
2014-09-24,13.27,1.98,3.86,,93.6,96.6574
2014-09-25,15.64,1.96,3.86,,93.59,96.8988
2014-09-26,14.85,1.95,3.86,,95.55,97.208
2014-09-29,15.98,1.92,3.86,,94.53,97.3523
2014-09-30,16.31,1.94,3.86,,91.17,97.5261
2014-10-01,16.71,1.89,3.86,,90.74,97.5387
2014-10-02,16.16,1.91,3.86,,91.02,97.3062
2014-10-03,14.55,1.88,3.86,,89.76,97.9846
2014-10-06,15.46,1.89,3.86,,90.33,97.5513
2014-10-07,17.2,1.84,3.86,,88.89,97.4459
2014-10-08,15.11,1.89,3.86,,87.29,97.4945
2014-10-09,18.76,1.88,3.86,,85.76,97.1711
2014-10-10,21.24,1.86,3.86,,85.87,97.4144
2014-10-13,24.64,1.86,3.86,,85.73,97.4144
2014-10-14,22.79,1.82,3.86,,81.72,97.3943
2014-10-15,26.25,1.81,3.86,,81.82,97.3532
2014-10-16,25.2,1.82,3.86,,82.33,97.2869
2014-10-17,21.99,1.83,3.86,,82.8,97.3067
2014-10-20,18.57,1.83,3.86,,82.76,97.2874
2014-10-21,16.08,1.85,3.86,,83.25,97.2488
2014-10-22,17.87,1.84,3.86,,80.52,97.459
2014-10-23,16.53,1.88,3.86,,82.81,97.6047
2014-10-24,16.11,1.88,3.86,,81.27,97.4772
2014-10-27,16.04,1.86,3.86,,81.26,97.5423
2014-10-28,14.39,1.88,3.86,,81.36,97.2173
2014-10-29,15.15,1.86,3.86,,82.25,97.0145
2014-10-30,14.52,1.84,3.86,,81.06,97.456
2014-10-31,14.03,1.85,3.86,,80.53,98.1163
2014-11-01,14.03,1.85,3.86,,80.53,98.1163
2014-11-03,14.73,1.84,3.86,,78.77,98.5336
2014-11-04,14.89,1.83,3.86,,77.15,98.5576
2014-11-05,14.17,1.84,3.86,,78.71,98.8086
2014-11-06,13.67,1.85,3.86,,77.87,99.1325
2014-11-07,13.12,1.81,3.86,,78.71,99.0236
2014-11-10,12.67,1.83,3.86,,77.43,98.9305
2014-11-11,12.92,1.83,3.86,,77.85,98.9305
2014-11-12,13.02,1.82,3.86,,77.16,98.8897
2014-11-13,13.79,1.82,3.86,,74.13,99.1045
2014-11-14,13.31,1.78,3.86,,75.91,99.0917
2014-11-17,13.99,1.8,3.86,,75.64,99.2188
2014-11-18,13.86,1.79,3.86,,74.55,99.0185
2014-11-19,13.96,1.82,3.86,,74.55,99.2424
2014-11-20,13.58,1.81,3.86,,75.63,99.2554
2014-11-21,12.9,1.78,3.86,,76.52,99.2894
2014-11-24,12.62,1.77,3.86,,75.74,99.4227
2014-11-25,12.25,1.76,3.86,,74.04,99.2837
2014-11-26,12.07,1.71,3.86,,73.7,99.1893
2014-11-27,12.07,1.71,3.86,,73.7,99.1893
2014-11-28,13.33,1.71,3.86,,65.94,100.0719
2014-12-01,14.29,1.73,3.86,,68.98,99.8964
2014-12-02,12.85,1.73,3.86,,66.99,100.4478
2014-12-03,12.47,1.72,3.86,,67.3,100.5696
2014-12-04,12.38,1.7,3.86,,66.73,100.3931
2014-12-05,11.82,1.66,3.86,,65.89,101.0989
2014-12-08,14.21,1.62,3.86,,63.13,101.31
2014-12-09,14.89,1.58,3.86,,63.74,100.8095
2014-12-10,18.53,1.59,3.86,,60.99,101.0212
2014-12-11,20.08,1.57,3.86,,60.01,101.4448
2014-12-12,21.08,1.54,3.86,,57.81,101.3735
2014-12-15,20.42,1.52,3.86,,55.96,101.674
2014-12-16,23.57,1.49,3.86,,55.97,101.526
2014-12-17,19.44,1.52,3.86,,56.43,101.5527
2014-12-18,16.81,1.55,3.86,,54.18,101.7531
2014-12-19,16.49,1.5,3.86,,56.91,102.0483
2014-12-22,15.25,1.46,3.86,,55.25,101.9942
2014-12-23,14.8,1.53,3.86,,56.78,102.348
2014-12-24,14.37,1.54,3.86,,55.7,102.3028
2014-12-25,14.37,1.54,3.86,,55.7,102.3028
2014-12-26,14.5,1.52,3.86,,54.59,102.3028
2014-12-29,15.06,1.5,3.86,,53.46,102.3767
2014-12-30,15.92,1.51,3.86,,54.14,102.1019
2014-12-31,19.2,1.5,3.86,,53.45,102.2843
2015-01-01,19.2,1.5,3.86,,53.45,102.2843
2015-01-02,17.79,1.46,3.86,,52.72,102.9027
2015-01-05,19.92,1.36,3.86,,50.05,103.4976
2015-01-06,21.12,1.32,3.86,,47.98,103.2938
2015-01-07,19.31,1.34,3.86,,48.69,103.6316
2015-01-08,17.01,1.41,3.86,,48.8,103.2799
2015-01-09,17.55,1.39,3.86,,48.35,103.1213
2015-01-12,19.6,1.36,3.86,,46.06,103.2372
2015-01-13,20.56,1.37,3.86,,45.92,103.27
2015-01-14,21.48,1.35,3.86,,48.49,103.0903
2015-01-15,22.39,1.33,3.86,,46.37,103.0829
2015-01-16,20.95,1.34,3.86,,48.49,103.2189
2015-01-19,20.95,1.34,3.86,,48.49,103.2189
2015-01-20,19.89,1.29,3.86,,46.79,103.5233
2015-01-21,18.85,1.34,3.86,,47.85,103.7858
2015-01-22,16.4,1.37,3.86,,45.93,103.9271
2015-01-23,16.66,1.29,3.86,,45.26,104.3676
2015-01-26,15.52,1.29,3.86,,44.8,104.4818
2015-01-27,17.22,1.29,3.86,,45.84,104.1646
2015-01-28,20.44,1.23,3.86,,44.08,104.4737
2015-01-29,18.76,1.26,3.86,,44.12,105.2763
2015-01-30,20.97,1.21,3.86,,47.79,105.5884
2015-02-01,20.97,1.21,3.86,,47.79,105.5884
2015-02-02,19.43,1.19,3.86,,49.25,105.2058
2015-02-03,17.33,1.27,3.86,,53.04,104.6063
2015-02-04,18.33,1.29,3.86,,48.45,104.785
2015-02-05,16.85,1.31,3.86,,50.48,104.4915
2015-02-06,17.29,1.3,3.86,,51.66,105.1283
2015-02-09,18.55,1.31,3.86,,52.99,104.9889
2015-02-10,17.23,1.34,3.86,,50.06,105.2897
2015-02-11,16.96,1.33,3.86,,48.8,105.7901
2015-02-12,15.34,1.38,3.86,,51.17,104.9385
2015-02-13,14.69,1.36,3.86,,52.66,104.8452
2015-02-16,14.69,1.36,3.86,,52.66,104.8452
2015-02-17,15.8,1.44,3.86,,53.56,104.8452
2015-02-18,15.45,1.45,3.86,,52.13,105.2514
2015-02-19,15.29,1.44,3.86,,51.12,105.1407
2015-02-20,14.3,1.46,3.86,,49.95,105.3387
2015-02-23,14.56,1.42,3.86,,49.56,105.5359
2015-02-24,13.69,1.39,3.86,,48.48,105.5472
2015-02-25,13.84,1.35,3.86,,50.25,105.0503
2015-02-26,13.91,1.37,3.86,,47.65,105.5021
2015-02-27,13.34,1.37,3.86,,49.84,105.5981
2015-03-01,13.34,1.37,3.86,,49.84,105.5981
2015-03-02,13.04,1.42,3.86,,49.59,105.8151
2015-03-03,13.86,1.44,3.86,,50.43,105.5562
2015-03-04,14.23,1.46,3.86,,51.53,106.1333
2015-03-05,14.04,1.46,3.86,,50.76,106.1333
2015-03-06,15.2,1.51,3.86,,49.61,107.4337
2015-03-09,15.06,1.5,3.86,,49.95,107.5199
2015-03-10,16.69,1.44,3.86,,48.42,108.1165
2015-03-11,16.87,1.41,3.86,,48.06,108.5235
2015-03-12,15.42,1.43,3.86,,47.12,108.1741
2015-03-13,16.0,1.45,3.86,,44.88,108.9174
2015-03-16,15.61,1.44,3.86,,43.93,108.6422
2015-03-17,15.66,1.36,3.86,,43.39,108.5805
2015-03-18,13.97,1.36,3.86,,44.63,108.408
2015-03-19,14.07,1.35,3.86,,44.02,108.1826
2015-03-20,13.02,1.33,3.86,,46.0,107.1671
2015-03-23,13.41,1.32,3.86,,47.4,106.5022
2015-03-24,13.62,1.3,3.86,,47.03,106.4401
2015-03-25,15.44,1.34,3.86,,48.75,106.2636
2015-03-26,15.8,1.4,3.86,,51.41,106.5582
2015-03-27,15.07,1.37,3.86,,48.83,106.8916
2015-03-30,14.51,1.38,3.86,,48.66,107.3941
2015-03-31,15.29,1.38,3.86,,47.72,107.4396
2015-04-01,15.11,1.32,3.86,,50.12,107.06
2015-04-02,14.67,1.37,3.86,,49.13,106.6738
2015-04-03,14.67,1.36,3.86,,49.13,105.8861
2015-04-06,14.74,1.41,3.86,,52.08,105.7876
2015-04-07,14.78,1.37,3.86,,53.95,106.4488
2015-04-08,13.98,1.38,3.86,,50.44,106.4231
2015-04-09,13.09,1.41,3.86,,50.79,107.0335
2015-04-10,12.58,1.39,3.86,,51.63,107.4526
2015-04-13,13.94,1.4,3.86,,51.95,107.7508
2015-04-14,13.67,1.37,3.86,,53.3,107.0547
2015-04-15,12.84,1.4,3.86,,56.25,107.1855
2015-04-16,12.6,1.4,3.86,,56.69,106.2761
2015-04-17,13.89,1.36,3.86,,55.71,106.329
2015-04-20,13.3,1.35,3.86,,56.37,106.4902
2015-04-21,13.25,1.37,3.86,,55.58,106.5582
2015-04-22,12.71,1.42,3.86,,56.17,106.5815
2015-04-23,12.48,1.41,3.86,,56.59,106.1658
2015-04-24,12.29,1.39,3.86,,55.98,105.905
2015-04-27,13.12,1.4,3.86,,55.56,105.6891
2015-04-28,12.41,1.44,3.86,,57.05,105.1234
2015-04-29,13.39,1.5,3.86,,58.55,104.5634
2015-04-30,14.55,1.47,3.86,,59.62,105.312
2015-05-01,12.7,1.52,3.86,,59.1,105.6382
2015-05-04,12.85,1.56,3.86,,58.92,105.6679
2015-05-05,14.31,1.57,3.86,,60.38,105.2396
2015-05-06,15.15,1.6,3.86,,60.93,104.6935
2015-05-07,15.13,1.55,3.86,,58.99,105.1941
2015-05-08,12.86,1.57,3.86,,59.41,104.8424
2015-05-11,13.85,1.66,3.86,,59.23,105.3075
2015-05-12,13.86,1.67,3.86,,60.72,104.8924
2015-05-13,13.76,1.68,3.86,,60.5,104.3608
2015-05-14,12.74,1.67,3.86,,59.89,104.2359
2015-05-15,12.38,1.59,3.86,,59.73,104.0202
2015-05-18,12.73,1.65,3.86,,59.44,104.6068
2015-05-19,12.85,1.64,3.86,,57.3,105.3448
2015-05-20,12.88,1.66,3.86,,58.96,105.5605
2015-05-21,12.11,1.59,3.86,,60.18,105.3808
2015-05-22,12.13,1.57,3.86,,58.88,105.8487
2015-05-25,12.13,1.57,3.86,,58.88,105.8487
2015-05-26,14.06,1.5,3.86,,57.29,106.7294
2015-05-27,13.27,1.5,3.86,,57.51,106.908
2015-05-28,13.31,1.51,3.86,,57.69,106.92
2015-05-29,13.84,1.51,3.86,,60.25,106.7388
2015-06-01,13.97,1.55,3.86,,60.24,107.2238
2015-06-02,14.24,1.63,3.86,,61.3,106.4507
2015-06-03,13.66,1.69,3.86,,59.67,106.1443
2015-06-04,14.71,1.65,3.86,,58.0,106.4725
2015-06-05,14.21,1.68,3.86,,59.11,107.1336
2015-06-08,15.29,1.69,3.86,,58.15,106.7693
2015-06-09,14.47,1.7,3.86,,60.15,106.2238
2015-06-10,13.22,1.75,3.86,,61.36,105.8037
2015-06-11,12.85,1.66,3.86,,60.74,106.0934
2015-06-12,13.78,1.65,3.86,,59.96,105.9015
2015-06-15,15.39,1.64,3.86,,59.53,105.9989
2015-06-16,14.81,1.61,3.86,,60.01,106.0473
2015-06-17,14.5,1.65,3.86,,59.89,106.058
2015-06-18,13.19,1.69,3.86,,60.41,105.102
2015-06-19,13.96,1.61,3.86,,59.62,105.4496
2015-06-22,12.74,1.69,3.86,,60.01,105.3846
2015-06-23,12.11,1.72,3.86,,61.05,105.9678
2015-06-24,13.26,1.7,3.86,,60.01,106.2522
2015-06-25,14.01,1.72,3.86,,59.59,106.1515
2015-06-26,14.02,1.77,3.86,,59.41,106.4116
2015-06-29,18.85,1.69,3.86,,58.34,106.3785
2015-06-30,18.23,1.71,3.86,,59.48,106.5191
2015-07-01,16.09,1.74,3.86,,56.94,107.0101
2015-07-02,16.79,1.76,3.86,,56.93,106.9106
2015-07-03,16.79,1.76,3.86,,56.93,106.9106
2015-07-06,17.01,1.7,3.86,,52.48,107.1343
2015-07-07,16.09,1.69,3.86,,52.33,107.785
2015-07-08,19.66,1.67,3.86,,51.61,107.4734
2015-07-09,19.97,1.72,3.86,,52.76,107.5595
2015-07-10,16.83,1.77,3.86,,52.74,107.213
2015-07-13,13.9,1.75,3.86,,52.19,107.5849
2015-07-14,13.37,1.75,3.86,,53.05,107.4843
2015-07-15,13.23,1.72,3.86,,51.4,108.0149
2015-07-16,12.11,1.69,3.86,,50.9,108.1726
2015-07-17,11.95,1.66,3.86,,50.88,108.5374
2015-07-20,12.25,1.67,3.86,,50.11,108.6944
2015-07-21,12.22,1.64,3.86,,50.59,108.3893
2015-07-22,12.12,1.58,3.86,,49.27,108.7817
2015-07-23,12.64,1.57,3.86,,48.11,108.7565
2015-07-24,13.74,1.57,3.86,,47.98,109.0174
2015-07-27,15.6,1.55,3.86,,47.17,108.6924
2015-07-28,13.44,1.57,3.86,,47.97,108.6881
2015-07-29,12.5,1.59,3.86,,48.77,108.604
2015-07-30,12.13,1.56,3.86,,48.53,109.4328
2015-07-31,12.12,1.53,3.86,,47.11,108.7819
2015-08-01,12.12,1.53,3.86,,47.11,108.7819
2015-08-03,12.56,1.48,3.86,,45.25,109.214
2015-08-04,13.0,1.49,3.86,,45.75,109.2244
2015-08-05,12.51,1.55,3.86,,45.13,109.842
2015-08-06,13.77,1.52,3.86,,44.69,109.722
2015-08-07,13.39,1.45,3.86,,43.87,109.4376
2015-08-10,12.23,1.51,3.86,,44.94,109.1931
2015-08-11,13.71,1.47,3.86,,43.11,109.9464
2015-08-12,13.61,1.47,3.86,,43.22,109.4655
2015-08-13,13.49,1.47,3.86,,42.27,109.9025
2015-08-14,12.83,1.47,3.86,,42.45,109.9174
2015-08-17,13.02,1.44,3.86,,41.93,110.1435
2015-08-18,13.79,1.46,3.86,,42.58,110.2504
2015-08-19,15.25,1.45,3.86,,40.75,110.4333
2015-08-20,19.14,1.4,3.86,,41.0,110.1077
2015-08-21,28.03,1.41,3.86,,40.45,110.1443
2015-08-24,40.74,1.42,3.86,,38.22,109.9306
2015-08-25,36.02,1.45,3.86,,39.15,110.3394
2015-08-26,30.32,1.51,3.86,,38.5,110.5807
2015-08-27,26.1,1.5,3.86,,42.47,110.4834
2015-08-28,26.05,1.47,3.86,,45.29,110.6714
2015-08-31,28.43,1.47,3.86,,49.2,110.5621
2015-09-01,31.4,1.47,3.86,,45.38,110.4506
2015-09-02,26.09,1.48,3.86,,46.3,110.7979
2015-09-03,25.61,1.47,3.86,,46.75,110.8566
2015-09-04,27.8,1.42,3.86,,46.02,111.1018
2015-09-07,27.8,1.42,3.86,,46.02,111.1018
2015-09-08,24.9,1.46,3.86,,45.92,110.7942
2015-09-09,26.23,1.46,3.86,,44.13,110.9225
2015-09-10,24.37,1.48,3.86,,45.85,110.6331
2015-09-11,23.2,1.49,3.86,,44.75,110.6109
2015-09-14,24.25,1.45,3.86,,44.07,110.5005
2015-09-15,22.54,1.46,3.86,,44.58,110.6394
2015-09-16,21.35,1.48,3.86,,47.12,110.1021
2015-09-17,21.14,1.51,3.86,,46.93,110.1212
2015-09-18,22.28,1.44,3.86,,44.71,109.8165
2015-09-21,20.14,1.48,3.86,,46.67,110.6414
2015-09-22,22.44,1.45,3.86,,46.17,111.1967
2015-09-23,22.13,1.46,3.86,,44.53,111.6287
2015-09-24,23.47,1.46,3.86,,44.94,111.4454
2015-09-25,23.62,1.47,3.86,,45.55,111.3725
2015-09-28,27.63,1.43,3.86,,44.4,111.3914
2015-09-29,26.83,1.41,3.86,,45.24,111.5219
2015-09-30,24.5,1.42,3.86,,45.06,111.3311
2015-10-01,22.55,1.41,3.86,,44.75,111.0439
2015-10-02,20.94,1.41,3.86,,45.54,110.7006
2015-10-05,19.54,1.46,3.86,,46.28,110.4445
2015-10-06,19.4,1.44,3.86,,48.53,110.1371
2015-10-07,18.4,1.43,3.86,,47.86,109.8162
2015-10-08,17.42,1.47,3.86,,49.46,109.6452
2015-10-09,17.08,1.47,3.86,,49.67,109.0782
2015-10-12,16.17,1.47,3.86,,47.09,109.0782
2015-10-13,17.67,1.42,3.86,,46.7,109.4119
2015-10-14,18.03,1.42,3.86,,46.63,109.1244
2015-10-15,16.05,1.43,3.86,,46.38,108.6671
2015-10-16,15.05,1.43,3.86,,47.3,108.9956
2015-10-19,14.98,1.43,3.86,,45.91,109.3858
2015-10-20,15.75,1.42,3.86,,45.84,109.3368
2015-10-21,16.7,1.4,3.86,,45.22,109.7746
2015-10-22,14.45,1.43,3.86,,44.9,110.0342
2015-10-23,14.46,1.43,3.86,,43.91,110.4329
2015-10-26,15.29,1.41,3.86,,43.19,110.2089
2015-10-27,15.43,1.4,3.86,,43.21,110.4875
2015-10-28,14.33,1.37,3.86,,45.93,110.2334
2015-10-29,14.61,1.44,3.86,,46.02,110.8083
2015-10-30,15.07,1.41,3.86,,46.6,110.2079
2015-11-01,15.07,1.41,3.86,,46.6,110.2079
2015-11-02,14.15,1.43,3.86,,46.12,110.2188
2015-11-03,14.54,1.43,3.86,,47.88,110.244
2015-11-04,15.51,1.41,3.86,,46.32,110.7139
2015-11-05,15.05,1.41,3.86,,45.27,110.8302
2015-11-06,14.33,1.44,3.86,,44.32,111.7603
2015-11-09,16.52,1.47,3.86,,43.87,111.9112
2015-11-10,15.29,1.45,3.86,,44.23,111.9919
2015-11-11,16.06,1.45,3.86,,42.95,111.9919
2015-11-12,18.37,1.43,3.86,,41.74,111.7965
2015-11-13,20.08,1.42,3.86,,40.69,112.0264
2015-11-16,18.16,1.39,3.86,,41.68,112.2199
2015-11-17,18.84,1.39,3.86,,40.73,112.3141
2015-11-18,16.85,1.37,3.86,,40.75,112.3663
2015-11-19,16.99,1.33,3.86,,40.55,111.5749
2015-11-20,15.47,1.33,3.86,,39.39,111.7799
2015-11-23,15.62,1.31,3.86,,39.27,112.1125
2015-11-24,15.93,1.31,3.86,,40.89,111.7638
2015-11-25,15.19,1.3,3.86,,41.22,111.8936
2015-11-26,15.19,1.3,3.86,,41.22,111.8936
2015-11-27,15.12,1.3,3.86,,40.57,112.2824
2015-11-30,16.13,1.27,3.86,,40.43,112.34
2015-12-01,14.67,1.24,3.86,,40.58,112.1134
2015-12-02,15.91,1.24,3.86,,39.93,112.3715
2015-12-03,18.11,1.37,3.86,,41.08,111.6407
2015-12-04,14.81,1.32,3.86,,40.0,111.5463
2015-12-07,15.84,1.29,3.86,,37.64,112.3056
2015-12-08,17.6,1.3,3.86,,37.46,112.5485
2015-12-09,19.61,1.29,3.86,,37.16,112.1918
2015-12-10,19.34,1.29,3.86,,36.76,112.2672
2015-12-11,24.39,1.25,3.86,,35.65,112.7147
2015-12-14,22.73,1.26,3.86,,36.31,112.7521
2015-12-15,20.95,1.3,3.86,,37.32,112.8609
2015-12-16,17.86,1.28,3.86,,35.55,112.9864
2015-12-17,18.94,1.24,3.86,,34.98,113.8177
2015-12-18,20.7,1.22,3.86,,34.72,113.2837
2015-12-21,18.7,1.24,3.86,,34.55,113.4144
2015-12-22,16.6,1.25,3.86,,36.12,113.211
2015-12-23,15.57,1.26,3.86,,36.76,113.1847
2015-12-24,15.74,1.22,3.86,,37.62,113.0496
2015-12-25,15.74,1.22,3.86,,37.62,113.0496
2015-12-28,16.91,1.19,3.86,,36.36,113.0461
2015-12-29,16.08,1.23,3.86,,37.88,113.1664
2015-12-30,17.29,1.23,3.86,,36.59,113.4707
2015-12-31,18.21,1.21,3.86,,37.13,113.3429
2016-01-01,18.21,1.21,3.86,,37.13,113.3429
2016-01-04,20.7,1.22,3.86,,36.81,114.1595
2016-01-05,19.34,1.21,3.86,,35.97,114.2649
2016-01-06,20.59,1.19,3.86,,33.97,114.6177
2016-01-07,24.99,1.2,3.86,,33.29,114.6516
2016-01-08,27.01,1.19,3.86,,33.2,115.0095
2016-01-11,24.3,1.23,3.86,,31.42,115.0139
2016-01-12,22.47,1.19,3.86,,30.42,115.3128
2016-01-13,25.22,1.17,3.86,,30.42,115.1425
2016-01-14,23.95,1.2,3.86,,31.22,115.3846
2016-01-15,27.02,1.18,3.86,,29.45,115.7404
2016-01-18,27.02,1.18,3.86,,29.45,115.7404
2016-01-19,26.05,1.18,3.86,,28.47,115.8155
2016-01-20,27.59,1.16,3.86,,26.68,116.3498
2016-01-21,26.69,1.18,3.86,,29.55,115.9833
2016-01-22,22.34,1.19,3.86,,32.07,115.9833
2016-01-25,24.15,1.15,3.86,,30.31,115.9833
2016-01-26,22.5,1.16,3.86,,29.54,115.9833
2016-01-27,23.11,1.18,3.86,,32.32,115.5087
2016-01-28,22.42,1.17,3.86,,33.21,115.2224
2016-01-29,20.2,1.18,3.86,,33.66,115.5731
2016-02-01,19.98,1.16,3.86,,31.62,115.3331
2016-02-02,21.98,1.12,3.86,,29.9,115.553
2016-02-03,21.65,1.16,3.86,,32.29,114.6144
2016-02-04,21.84,1.17,3.86,,31.63,113.6012
2016-02-05,23.38,1.12,3.86,,30.86,114.2935
2016-02-08,26.0,1.09,3.86,,29.71,114.4351
2016-02-09,26.54,1.05,3.86,,27.96,114.127
2016-02-10,26.29,1.0,3.86,,27.54,114.2877
2016-02-11,28.14,0.99,3.86,,26.19,114.1845
2016-02-12,25.4,1.03,3.86,,29.32,114.2992
2016-02-15,25.4,1.03,3.86,,29.32,114.2992
2016-02-16,24.11,1.04,3.86,,29.05,114.4905
2016-02-17,22.31,1.07,3.86,,30.68,113.8634
2016-02-18,21.64,1.04,3.86,,30.77,113.8897
2016-02-19,20.53,1.0,3.86,,29.59,113.9558
2016-02-22,19.38,0.99,3.86,,31.37,113.8232
2016-02-23,20.98,0.98,3.86,,31.84,114.177
2016-02-24,20.72,1.0,3.86,,30.35,114.1716
2016-02-25,19.11,0.99,3.86,,31.4,113.9222
2016-02-26,19.81,0.96,3.86,,31.65,114.3708
2016-02-29,20.55,0.96,3.86,,32.74,114.2418
2016-03-01,17.7,0.98,3.86,,34.39,113.9265
2016-03-02,17.09,0.99,3.86,,34.57,113.7965
2016-03-03,16.7,0.98,3.86,,34.56,113.2482
2016-03-04,16.86,1.0,3.86,,35.91,112.6387
2016-03-07,17.35,1.0,3.86,,37.9,112.6219
2016-03-08,18.67,0.95,3.86,,36.67,112.8465
2016-03-09,18.34,1.0,3.86,,37.62,112.4268
2016-03-10,18.05,1.0,3.86,,37.77,112.4191
2016-03-11,16.5,1.01,3.86,,38.51,111.741
2016-03-14,16.92,1.0,3.86,,37.2,112.1688
2016-03-15,16.84,0.99,3.86,,36.32,112.5545
2016-03-16,14.99,1.07,3.86,,38.43,112.7759
2016-03-17,14.44,1.04,3.86,,40.17,110.445
2016-03-18,14.02,1.04,3.86,,39.47,110.4002
2016-03-21,13.79,1.05,3.86,,39.91,110.737
2016-03-22,14.17,1.03,3.86,,41.45,110.7877
2016-03-23,14.94,1.01,3.86,,38.28,111.5473
2016-03-24,14.74,1.02,3.86,,38.14,111.816
2016-03-25,14.74,1.02,3.86,,38.14,111.7698
2016-03-28,15.24,1.0,3.86,,37.99,111.3578
2016-03-29,13.82,1.03,3.86,,36.91,111.3736
2016-03-30,13.56,1.07,3.86,,36.91,110.2301
2016-03-31,13.95,1.05,3.86,,36.94,109.9191
2016-04-01,13.1,1.03,3.86,,35.36,110.2977
2016-04-04,14.12,1.03,3.86,,34.3,110.3987
2016-04-05,15.42,1.01,3.86,,34.52,110.9478
2016-04-06,14.09,1.03,3.86,,37.74,110.5347
2016-04-07,16.16,1.0,3.86,,37.3,110.8876
2016-04-08,15.36,1.02,3.86,,39.74,110.4213
2016-04-11,16.26,1.03,3.86,,40.46,109.9758
2016-04-12,14.85,1.05,3.86,,42.12,109.816
2016-04-13,13.84,1.02,3.86,,41.7,110.1436
2016-04-14,13.72,1.03,3.86,,41.45,110.1691
2016-04-15,13.62,1.02,3.86,,40.4,110.1933
2016-04-18,13.35,1.03,3.86,,39.74,109.9892
2016-04-19,13.24,1.02,3.86,,40.88,109.2782
2016-04-20,13.28,1.05,3.86,,42.72,109.3926
2016-04-21,13.95,1.06,3.86,,43.18,109.8533
2016-04-22,13.22,1.05,3.86,,42.76,110.2331
2016-04-25,14.08,1.06,3.86,,41.67,110.1865
2016-04-26,13.96,1.08,3.86,,42.52,109.7496
2016-04-27,13.77,1.04,3.86,,45.29,109.8483
2016-04-28,15.22,1.06,3.86,,46.03,109.2148
2016-04-29,15.7,1.06,3.86,,45.98,108.8274
2016-05-01,15.7,1.06,3.86,,45.98,108.8274
2016-05-02,14.68,1.08,3.86,,44.75,108.671
2016-05-03,15.6,1.06,3.86,,43.65,109.3613
2016-05-04,16.05,1.04,3.86,,43.77,109.9952
2016-05-05,15.91,1.04,3.86,,44.33,110.2417
2016-05-06,14.72,1.05,3.86,,44.58,110.3801
2016-05-09,14.57,1.05,3.86,,43.45,110.9466
2016-05-10,13.63,1.05,3.86,,44.68,110.8225
2016-05-11,14.69,0.99,3.86,,46.21,110.2806
2016-05-12,14.41,0.99,3.86,,46.64,110.6935
2016-05-13,15.04,0.95,3.86,,46.22,111.2521
2016-05-16,14.68,0.96,3.86,,47.72,111.1217
2016-05-17,15.57,0.94,3.86,,48.29,111.0867
2016-05-18,15.95,0.97,3.86,,48.12,111.4995
2016-05-19,16.33,0.96,3.86,,48.16,112.2331
2016-05-20,15.2,0.96,3.86,,47.67,112.1822
2016-05-23,15.82,0.93,3.86,,48.12,112.284
2016-05-24,14.42,0.94,3.86,,48.04,112.2912
2016-05-25,13.9,0.95,3.86,,49.1,112.2001
2016-05-26,13.43,0.96,3.86,,49.0,111.8979
2016-05-27,13.12,0.95,3.86,,49.36,112.0822
2016-05-30,13.12,0.95,3.86,,49.36,112.0822
2016-05-31,14.19,0.97,3.86,,49.1,112.4276
2016-06-01,14.2,0.94,3.86,,49.07,112.462
2016-06-02,13.63,0.92,3.86,,49.14,112.4564
2016-06-03,13.47,0.93,3.86,,48.69,111.4451
2016-06-06,13.65,0.93,3.86,,49.71,111.2295
2016-06-07,14.05,0.94,3.86,,50.37,110.8378
2016-06-08,14.08,0.93,3.86,,51.23,110.1916
2016-06-09,14.64,0.91,3.86,,50.52,110.6168
2016-06-10,17.03,0.91,3.86,,49.09,111.1027
2016-06-13,20.97,0.89,3.86,,48.89,111.5036
2016-06-14,20.5,0.88,3.86,,48.49,111.9826
2016-06-15,20.14,0.91,3.86,,47.92,111.7671
2016-06-16,19.37,0.87,3.86,,46.14,112.2347
2016-06-17,19.41,0.92,3.86,,48.0,111.5332
2016-06-20,18.37,0.93,3.86,,49.4,110.8693
2016-06-21,18.48,0.95,3.86,,48.95,111.0077
2016-06-22,21.17,0.94,3.86,,49.16,110.7681
2016-06-23,17.25,0.96,3.86,,49.34,110.262
2016-06-24,25.76,0.93,3.86,,46.7,112.1355
2016-06-27,23.85,0.85,3.86,,45.8,113.1301
2016-06-28,18.75,0.85,3.86,,47.93,112.7545
2016-06-29,16.64,0.88,3.86,,49.85,111.8597
2016-06-30,15.63,0.91,3.86,,48.27,112.1618
2016-07-01,14.77,0.87,3.86,,49.02,111.6509
2016-07-04,14.77,0.87,3.86,,49.02,111.6509
2016-07-05,15.58,0.81,3.86,,46.73,112.4231
2016-07-06,14.96,0.8,3.86,,47.37,112.5438
2016-07-07,14.76,0.82,3.86,,45.22,112.5775
2016-07-08,13.2,0.76,3.86,,45.37,112.3963
2016-07-11,13.54,0.77,3.86,,44.73,112.5254
2016-07-12,13.55,0.84,3.86,,46.82,112.1102
2016-07-13,13.04,0.8,3.86,,44.87,112.0266
2016-07-14,12.82,0.85,3.86,,45.64,111.7692
2016-07-15,12.67,0.89,3.86,,45.93,112.2833
2016-07-18,12.44,0.91,3.86,,45.23,112.2463
2016-07-19,11.97,0.86,3.86,,44.64,112.638
2016-07-20,11.77,0.86,3.86,,44.96,112.6743
2016-07-21,12.74,0.87,3.86,,43.96,112.6239
2016-07-22,12.02,0.86,3.86,,43.41,112.989
2016-07-25,12.87,0.86,3.86,,42.4,113.1784
2016-07-26,13.05,0.82,3.86,,42.16,113.0593
2016-07-27,12.83,0.79,3.86,,41.9,113.217
2016-07-28,12.72,0.8,3.86,,41.13,112.7393
2016-07-29,11.87,0.79,3.86,,41.54,111.874
2016-08-01,12.44,0.84,3.86,,40.05,111.9757
2016-08-02,13.37,0.88,3.86,,39.5,111.7124
2016-08-03,12.86,0.88,3.86,,40.8,111.9419
2016-08-04,12.42,0.87,3.86,,41.92,111.9149
2016-08-05,11.39,0.87,3.86,,41.83,112.3589
2016-08-08,11.5,0.85,3.86,,43.06,112.1456
2016-08-09,11.66,0.84,3.86,,42.78,111.722
2016-08-10,12.05,0.81,3.86,,41.75,111.3238
2016-08-11,11.68,0.81,3.86,,43.51,111.1954
2016-08-12,11.55,0.8,3.86,,44.47,111.1787
2016-08-15,11.81,0.83,3.86,,45.72,110.9212
2016-08-16,12.64,0.81,3.86,,46.57,110.4295
2016-08-17,12.19,0.82,3.86,,46.81,110.9459
2016-08-18,11.43,0.82,3.86,,48.2,110.3134
2016-08-19,11.34,0.82,3.86,,48.48,110.8163
2016-08-22,12.27,0.79,3.86,,46.8,110.9997
2016-08-23,12.38,0.81,3.86,,47.54,110.9414
2016-08-24,13.45,0.8,3.86,,46.29,111.2958
2016-08-25,13.63,0.8,3.86,,46.97,111.1726
2016-08-26,13.65,0.78,3.86,,47.64,111.2035
2016-08-29,12.94,0.76,3.86,,46.97,111.8775
2016-08-30,13.12,0.77,3.86,,46.32,112.2928
2016-08-31,13.42,0.78,3.86,,44.68,112.4036
2016-09-01,13.48,0.79,3.86,,43.17,112.1733
2016-09-02,11.98,0.8,3.86,,44.39,112.0009
2016-09-05,11.98,0.8,3.86,,44.39,112.0009
2016-09-06,12.02,0.81,3.86,,44.85,110.9613
2016-09-07,11.94,0.8,3.86,,45.47,110.9717
2016-09-08,12.51,0.83,3.86,,47.63,111.2609
2016-09-09,17.5,0.88,3.86,,45.88,111.9879
2016-09-12,15.16,0.89,3.86,,46.28,112.1516
2016-09-13,17.85,0.93,3.86,,44.91,112.5207
2016-09-14,18.14,0.93,3.86,,43.62,112.4678
2016-09-15,16.3,0.97,3.86,,43.85,112.4753
2016-09-16,15.37,0.93,3.86,,43.04,113.1765
2016-09-19,15.53,0.91,3.86,,43.34,112.903
2016-09-20,15.92,0.9,3.86,,43.85,113.1848
2016-09-21,13.3,0.87,3.86,,45.33,112.9842
2016-09-22,12.02,0.84,3.86,,46.1,112.2592
2016-09-23,12.29,0.85,3.86,,44.36,112.7166
2016-09-26,14.5,0.83,3.86,,45.6,112.7112
2016-09-27,13.1,0.81,3.86,,44.65,112.5515
2016-09-28,12.39,0.82,3.86,,47.07,112.6283
2016-09-29,14.02,0.83,3.86,,47.72,112.2879
2016-09-30,13.29,0.83,3.86,,47.72,112.2795
2016-10-01,13.29,0.83,3.86,,47.72,112.2795
2016-10-03,13.57,0.83,3.86,,48.8,112.5077
2016-10-04,13.63,0.87,3.86,,48.67,112.6579
2016-10-05,12.99,0.87,3.86,,49.75,112.7946
2016-10-06,12.84,0.89,3.86,,50.44,113.0066
2016-10-07,13.48,0.9,3.86,,49.76,113.2915
2016-10-10,13.38,0.9,3.86,,49.76,113.2915
2016-10-11,15.36,0.9,3.86,,50.72,113.4461
2016-10-12,15.91,0.92,3.86,,50.14,113.7442
2016-10-13,16.69,0.9,3.86,,50.47,113.6238
2016-10-14,16.12,0.96,3.86,,50.35,113.7119
2016-10-17,16.21,0.96,3.86,,49.97,113.5488
2016-10-18,15.28,0.93,3.86,,50.3,113.1393
2016-10-19,14.41,0.95,3.86,,51.59,113.0547
2016-10-20,13.75,0.92,3.86,,50.31,113.4033
2016-10-21,13.34,0.9,3.86,,50.61,113.9015
2016-10-24,13.02,0.93,3.86,,50.18,113.8571
2016-10-25,13.46,0.91,3.86,,49.45,113.6801
2016-10-26,14.24,0.93,3.86,,48.75,113.8131
2016-10-27,15.36,0.98,3.86,,49.71,114.1998
2016-10-28,16.19,1.0,3.86,,48.72,114.0931
2016-10-31,17.06,0.98,3.86,,46.83,114.0188
2016-11-01,18.56,1.0,3.86,,46.66,113.9915
2016-11-02,19.32,1.0,3.86,,45.32,113.9206
2016-11-03,22.08,1.01,3.86,,44.66,113.7664
2016-11-04,22.51,0.99,3.86,,44.07,113.5828
2016-11-07,18.71,1.01,3.86,,44.88,113.5443
2016-11-08,18.74,1.01,3.86,,44.96,113.3017
2016-11-09,14.38,1.17,3.86,,45.2,114.6956
2016-11-10,14.74,1.23,3.86,,44.62,115.9375
2016-11-11,14.17,1.23,3.86,,43.39,115.9375
2016-11-14,14.48,1.23,3.86,,43.29,117.2245
2016-11-15,13.37,1.21,3.86,,45.86,116.7724
2016-11-16,13.72,1.22,3.86,,45.56,116.8062
2016-11-17,13.35,1.25,3.86,,45.37,116.8952
2016-11-18,12.85,1.27,3.86,,45.69,117.5936
2016-11-21,12.42,1.25,3.86,,47.48,117.4762
2016-11-22,12.41,1.24,3.86,,48.07,117.4508
2016-11-23,12.43,1.24,3.86,,46.72,118.0356
2016-11-24,12.43,1.24,3.86,,46.72,118.0356
2016-11-25,12.34,1.24,3.86,,46.72,118.02
2016-11-28,13.15,1.21,3.86,,45.66,117.7278
2016-11-29,12.9,1.21,3.86,,45.29,117.644
2016-11-30,13.33,1.26,3.86,,49.41,117.7636
2016-12-01,14.07,1.31,3.86,,51.08,117.6642
2016-12-02,14.12,1.29,3.86,,51.7,117.3116
2016-12-05,12.14,1.26,3.86,,51.72,117.1008
2016-12-06,11.79,1.27,3.86,,50.95,116.9225
2016-12-07,12.22,1.24,3.86,,49.85,116.672
2016-12-08,12.64,1.28,3.86,,50.84,117.0327
2016-12-09,11.75,1.32,3.86,,51.51,117.2834
2016-12-12,12.64,1.34,3.86,,52.74,116.9161
2016-12-13,12.72,1.31,3.86,,52.99,116.8029
2016-12-14,13.19,1.27,3.86,,51.01,116.7332
2016-12-15,12.79,1.31,3.86,,50.9,118.8072
2016-12-16,12.2,1.32,3.86,,51.93,118.3584
2016-12-19,11.71,1.3,3.86,,52.13,118.3875
2016-12-20,11.45,1.32,3.86,,52.22,118.63
2016-12-21,11.27,1.34,3.86,,51.44,118.581
2016-12-22,11.43,1.33,3.86,,51.98,118.8209
2016-12-23,11.44,1.33,3.86,,52.01,118.7856
2016-12-26,11.44,1.33,3.86,,52.01,118.7856
2016-12-27,11.99,1.29,3.86,,52.82,118.9506
2016-12-28,12.95,1.25,3.86,,54.01,119.2305
2016-12-29,13.37,1.27,3.86,,53.8,118.6637
2016-12-30,14.04,1.25,3.86,,53.75,118.3466
2017-01-01,14.04,1.25,3.86,,53.75,118.3466
2017-01-02,14.04,1.25,3.86,,53.75,118.3466
2017-01-03,12.85,1.23,3.86,,52.36,119.0903
2017-01-04,11.85,1.22,3.86,,53.26,118.8803
2017-01-05,11.67,1.2,3.86,,53.77,117.9999
2017-01-06,11.32,1.2,3.86,,53.98,118.3495
2017-01-09,11.56,1.17,3.86,,51.95,118.4111
2017-01-10,11.49,1.19,3.86,,50.82,118.5386
2017-01-11,11.26,1.18,3.86,,52.19,119.0219
2017-01-12,11.54,1.18,3.86,,53.01,117.8001
2017-01-13,11.23,1.19,3.86,,52.36,117.9884
2017-01-16,11.23,1.19,3.86,,52.36,117.9884
2017-01-17,11.87,1.16,3.86,,52.45,117.2656
2017-01-18,12.48,1.19,3.86,,51.12,117.7242
2017-01-19,12.78,1.22,3.86,,51.39,118.3182
2017-01-20,11.54,1.28,3.86,,52.33,118.3182
2017-01-23,11.77,1.25,3.86,,52.77,117.2479
2017-01-24,11.07,1.26,3.86,,52.38,117.0516
2017-01-25,10.81,1.3,3.86,,52.14,116.9355
2017-01-26,10.63,1.3,3.86,,53.24,117.2766
2017-01-27,10.58,1.27,3.86,,53.18,117.0735
2017-01-30,11.88,1.27,3.86,,52.63,116.7325
2017-01-31,11.99,1.26,3.86,,52.75,116.2241
2017-02-01,11.81,1.26,3.86,,53.9,116.3914
2017-02-02,11.93,1.27,3.86,,53.55,115.903
2017-02-03,10.97,1.28,3.86,,53.81,115.6259
2017-02-06,11.37,1.26,3.86,,53.01,116.0504
2017-02-07,11.29,1.24,3.86,,52.19,116.4082
2017-02-08,11.45,1.19,3.86,,52.37,116.1382
2017-02-09,10.88,1.2,3.86,,52.99,116.306
2017-02-10,10.85,1.21,3.86,,53.84,116.148
2017-02-13,11.07,1.23,3.86,,52.96,116.3427
2017-02-14,10.74,1.22,3.86,,53.21,116.3949
2017-02-15,11.97,1.24,3.86,,53.11,116.2162
2017-02-16,11.76,1.23,3.86,,53.41,116.0067
2017-02-17,11.49,1.21,3.86,,53.41,116.4035
2017-02-20,11.49,1.21,3.86,,53.41,116.4035
2017-02-21,11.57,1.21,3.86,,54.02,116.5921
2017-02-22,11.74,1.2,3.86,,53.61,116.2136
2017-02-23,11.71,1.2,3.86,,54.48,115.6527
2017-02-24,11.47,1.19,3.86,,53.99,115.8143
2017-02-27,12.09,1.16,3.86,,54.04,115.6764
2017-02-28,12.92,1.14,3.86,,54.0,116.0032
2017-03-01,12.54,1.17,3.86,,53.82,116.438
2017-03-02,11.81,1.17,3.86,,52.63,116.8429
2017-03-03,10.96,1.17,3.86,,53.33,116.6438
2017-03-06,11.24,1.18,3.86,,53.19,116.4313
2017-03-07,11.45,1.2,3.86,,52.68,116.4303
2017-03-08,11.86,1.21,3.86,,49.83,116.875
2017-03-09,12.3,1.23,3.86,,48.75,116.9959
2017-03-10,11.66,1.22,3.86,,48.05,116.616
2017-03-13,11.35,1.22,3.86,,47.95,116.4004
2017-03-14,12.3,1.2,3.86,,47.24,116.5646
2017-03-15,11.63,1.18,3.86,,48.34,116.3584
2017-03-16,11.21,1.18,3.86,,48.3,115.4456
2017-03-17,11.28,1.17,3.86,,48.34,115.2783
2017-03-20,11.34,1.17,3.86,,47.79,115.0426
2017-03-21,12.47,1.16,3.86,,47.02,114.8119
2017-03-22,12.81,1.13,3.86,,47.29,114.7937
2017-03-23,13.12,1.15,3.86,,47.0,114.7899
2017-03-24,12.96,1.14,3.86,,47.3,114.6372
2017-03-27,12.5,1.11,3.86,,47.02,114.2347
2017-03-28,11.53,1.12,3.86,,48.36,114.419
2017-03-29,11.42,1.13,3.86,,49.47,114.7167
2017-03-30,11.54,1.14,3.86,,50.3,114.5245
2017-03-31,12.37,1.13,3.86,,50.54,114.7938
2017-04-01,12.37,1.13,3.86,,50.54,114.7938
2017-04-03,12.38,1.11,3.86,,50.25,114.8734
2017-04-04,11.79,1.11,3.86,,50.99,115.0038
2017-04-05,12.89,1.1,3.86,,51.14,114.9494
2017-04-06,12.39,1.1,3.86,,51.69,115.0181
2017-04-07,12.87,1.09,3.86,,52.25,115.0547
2017-04-10,14.05,1.08,3.86,,53.06,115.11
2017-04-11,15.07,1.08,3.86,,53.38,115.009
2017-04-12,15.77,1.04,3.86,,53.12,114.9162
2017-04-13,15.96,1.03,3.86,,53.19,114.5059
2017-04-14,15.96,1.03,3.86,,53.19,114.5368
2017-04-17,14.66,1.05,3.86,,52.62,114.3283
2017-04-18,14.42,1.0,3.86,,52.46,114.2575
2017-04-19,14.93,1.02,3.86,,50.49,114.7923
2017-04-20,14.15,1.03,3.86,,50.26,114.6205
2017-04-21,14.63,1.04,3.86,,49.64,114.8128
2017-04-24,10.84,1.03,3.86,,48.9,114.3659
2017-04-25,10.76,1.06,3.86,,49.22,114.5111
2017-04-26,10.85,1.04,3.86,,49.22,114.9479
2017-04-27,10.36,1.05,3.86,,48.96,114.9946
2017-04-28,10.82,1.01,3.86,,49.31,114.7877
2017-05-01,10.11,1.05,3.86,,48.83,114.5921
2017-05-02,10.59,1.02,3.86,,47.65,114.6792
2017-05-03,10.68,1.03,3.86,,47.79,114.6637
2017-05-04,10.46,1.04,3.86,,45.55,114.9076
2017-05-05,10.57,1.04,3.86,,46.23,114.7725
2017-05-08,9.77,1.06,3.86,,46.46,115.0895
2017-05-09,9.96,1.05,3.86,,45.84,115.3933
2017-05-10,10.21,1.06,3.86,,47.28,115.1145
2017-05-11,10.6,1.04,3.86,,47.81,115.0669
2017-05-12,10.4,1.04,3.86,,47.83,114.7479
2017-05-15,10.42,1.03,3.86,,48.86,114.3504
2017-05-16,10.65,1.04,3.86,,48.64,113.9923
2017-05-17,15.59,0.96,3.86,,49.04,113.7506
2017-05-18,14.66,0.96,3.86,,49.36,114.2683
2017-05-19,12.04,0.95,3.86,,50.32,113.7001
2017-05-22,10.93,0.96,3.86,,50.81,113.5442
2017-05-23,10.72,0.98,3.86,,51.12,113.6862
2017-05-24,10.02,0.97,3.86,,50.99,113.675
2017-05-25,9.99,0.95,3.86,,48.57,113.3719
2017-05-26,9.81,0.95,3.86,,49.58,113.4839
2017-05-29,9.81,0.95,3.86,,49.58,113.4839
2017-05-30,10.38,0.93,3.86,,49.63,113.5552
2017-05-31,10.41,0.93,3.86,,48.29,113.2956
2017-06-01,9.89,0.93,3.86,,48.32,113.3017
2017-06-02,9.75,0.87,3.86,,47.68,113.1908
2017-06-05,10.07,0.86,3.86,,47.4,112.9755
2017-06-06,10.45,0.84,3.86,,48.13,112.7095
2017-06-07,10.39,0.86,3.86,,45.8,112.8191
2017-06-08,10.16,0.86,3.86,,45.68,112.8351
2017-06-09,10.7,0.86,3.86,,45.82,112.9562
2017-06-12,11.46,0.86,3.86,,46.1,112.9837
2017-06-13,10.42,0.83,3.86,,46.41,112.6271
2017-06-14,10.64,0.8,3.86,,44.79,112.0734
2017-06-15,10.9,0.81,3.86,,44.47,112.8708
2017-06-16,10.38,0.84,3.86,,44.73,112.6155
2017-06-19,10.37,0.83,3.86,,44.24,112.7576
2017-06-20,10.86,0.8,3.86,,43.34,113.2698
2017-06-21,10.75,0.8,3.86,,42.48,113.3327
2017-06-22,10.48,0.81,3.86,,42.53,113.1654
2017-06-23,10.02,0.81,3.86,,42.86,112.8665
2017-06-26,9.9,0.78,3.86,,43.24,112.7633
2017-06-27,11.06,0.83,3.86,,44.25,112.55
2017-06-28,10.03,0.88,3.86,,44.74,112.0747
2017-06-29,11.44,0.89,3.86,,44.88,111.998
2017-06-30,11.18,0.93,3.86,,46.02,111.9896
2017-07-01,11.18,0.93,3.86,,46.02,111.9896
2017-07-03,11.22,0.94,3.86,,46.02,112.4268
2017-07-04,11.22,0.94,3.86,,46.02,112.4268
2017-07-05,11.07,0.92,3.86,,45.11,112.6534
2017-07-06,12.54,0.97,3.86,,45.52,112.4199
2017-07-07,11.19,0.99,3.86,,44.25,112.3137
2017-07-10,11.11,0.98,3.86,,44.4,112.1587
2017-07-11,10.89,1.0,3.86,,45.06,112.1434
2017-07-12,10.3,0.98,3.86,,45.48,111.5904
2017-07-13,9.9,0.98,3.86,,46.06,111.5365
2017-07-14,9.51,0.98,3.86,,46.53,110.9075
2017-07-17,9.82,0.95,3.86,,46.02,110.9304
2017-07-18,9.89,0.91,3.86,,46.4,110.4356
2017-07-19,9.79,0.9,3.86,,47.1,110.4339
2017-07-20,9.58,0.9,3.86,,46.73,110.2512
2017-07-21,9.36,0.88,3.86,,45.78,110.191
2017-07-24,9.43,0.89,3.86,,46.21,110.2004
2017-07-25,9.43,0.93,3.86,,47.77,110.2835
2017-07-26,9.6,0.93,3.86,,48.58,110.3811
2017-07-27,10.11,0.96,3.86,,49.05,110.216
2017-07-28,10.29,0.96,3.86,,49.72,109.92
2017-07-31,10.26,0.96,3.86,,50.21,109.8177
2017-08-01,10.09,0.92,3.86,,49.19,109.8495
2017-08-02,10.28,0.91,3.86,,49.6,109.7503
2017-08-03,10.44,0.9,3.86,,49.03,109.8332
2017-08-04,10.03,0.91,3.86,,49.57,110.2808
2017-08-07,9.93,0.9,3.86,,49.37,110.373
2017-08-08,10.96,0.93,3.86,,49.07,110.396
2017-08-09,11.11,0.91,3.86,,49.59,110.3671
2017-08-10,16.04,0.87,3.86,,48.54,110.1886
2017-08-11,15.51,0.89,3.86,,48.81,110.0422
2017-08-14,12.33,0.89,3.86,,47.59,110.095
2017-08-15,12.04,0.92,3.86,,47.57,110.4846
2017-08-16,11.74,0.9,3.86,,46.8,110.4394
2017-08-17,15.55,0.87,3.86,,47.07,110.1673
2017-08-18,14.26,0.86,3.86,,48.59,110.041
2017-08-21,13.19,0.86,3.86,,47.39,109.7349
2017-08-22,11.35,0.89,3.86,,47.65,109.8386
2017-08-23,12.25,0.85,3.86,,48.45,109.8095
2017-08-24,12.23,0.86,3.86,,47.24,109.7524
2017-08-25,11.28,0.82,3.86,,47.65,109.3415
2017-08-28,11.32,0.83,3.86,,46.4,109.1815
2017-08-29,11.7,0.8,3.86,,46.46,109.0946
2017-08-30,11.22,0.82,3.86,,45.96,109.4052
2017-08-31,10.59,0.79,3.86,,47.26,109.3686
2017-09-01,10.13,0.81,3.86,,47.32,109.0504
2017-09-04,10.13,0.81,3.86,,47.32,109.0504
2017-09-05,12.23,0.77,3.86,,48.63,108.8664
2017-09-06,11.63,0.8,3.86,,49.13,108.4897
2017-09-07,11.55,0.78,3.86,,49.1,107.9224
2017-09-08,12.12,0.79,3.86,,47.44,107.808
2017-09-11,10.73,0.82,3.86,,48.06,108.153
2017-09-12,10.58,0.84,3.86,,48.21,108.3239
2017-09-13,10.5,0.85,3.86,,49.3,108.6628
2017-09-14,10.44,0.83,3.86,,49.86,108.618
2017-09-15,10.17,0.81,3.86,,49.9,108.3147
2017-09-18,10.15,0.83,3.86,,49.88,108.6401
2017-09-19,10.18,0.84,3.86,,49.54,108.6142
2017-09-20,9.78,0.83,3.86,,50.29,108.4329
2017-09-21,9.67,0.82,3.86,,50.58,108.9267
2017-09-22,9.59,0.8,3.86,,50.33,108.7542
2017-09-25,10.21,0.78,3.86,,51.85,109.3302
2017-09-26,10.17,0.79,3.86,,51.59,109.7769
2017-09-27,9.87,0.84,3.86,,52.14,110.0722
2017-09-28,9.55,0.86,3.86,,51.62,110.2415
2017-09-29,9.51,0.86,3.86,,51.67,110.0867
2017-10-01,9.51,0.86,3.86,,51.67,110.0867
2017-10-02,9.45,0.85,3.86,,50.59,110.3686
2017-10-03,9.51,0.86,3.86,,50.44,110.3281
2017-10-04,9.63,0.86,3.86,,50.0,110.2425
2017-10-05,9.19,0.86,3.86,,50.79,110.5823
2017-10-06,9.65,0.83,3.86,,49.34,110.7841
2017-10-09,10.33,0.83,3.86,,49.58,110.7841
2017-10-10,10.08,0.84,3.86,,50.93,110.3034
2017-10-11,9.85,0.84,3.86,,51.3,110.3037
2017-10-12,9.91,0.82,3.86,,50.61,110.3152
2017-10-13,9.61,0.77,3.86,,51.43,110.2669
2017-10-16,9.91,0.76,3.86,,51.86,110.5432
2017-10-17,10.31,0.76,3.86,,51.87,110.9141
2017-10-18,10.07,0.75,3.86,,52.05,110.7214
2017-10-19,10.05,0.75,3.86,,51.29,110.4577
2017-10-20,9.97,0.79,3.86,,51.63,111.0375
2017-10-23,11.07,0.8,3.86,,51.91,111.2134
2017-10-24,11.16,0.82,3.86,,52.32,111.4027
2017-10-25,11.23,0.83,3.86,,51.97,111.3904
2017-10-26,11.3,0.83,3.86,,52.41,111.6418
2017-10-27,9.8,0.83,3.86,,53.92,112.1495
2017-10-30,10.5,0.79,3.86,,54.11,111.901
2017-10-31,10.18,0.78,3.86,,54.36,111.8052
2017-11-01,10.2,0.76,3.86,,54.32,111.7942
2017-11-02,9.93,0.74,3.86,,54.55,111.5474
2017-11-03,9.14,0.71,3.86,,55.63,111.9383
2017-11-06,9.4,0.71,3.86,,57.34,111.7197
2017-11-07,9.89,0.69,3.86,,57.19,111.9446
2017-11-08,9.78,0.67,3.86,,56.82,111.6935
2017-11-09,10.5,0.7,3.86,,57.16,111.5626
2017-11-10,11.29,0.73,3.86,,56.75,111.5626
2017-11-13,11.5,0.7,3.86,,56.77,111.7833
2017-11-14,11.59,0.7,3.86,,55.67,111.5097
2017-11-15,13.13,0.65,3.86,,55.28,111.4809
2017-11-16,11.76,0.65,3.86,,55.14,111.2568
2017-11-17,11.43,0.62,3.86,,56.21,111.0016
2017-11-20,10.65,0.6,3.86,,56.21,111.2599
2017-11-21,9.73,0.59,3.86,,56.84,110.9828
2017-11-22,9.88,0.58,3.86,,57.88,110.5632
2017-11-23,9.88,0.58,3.86,,57.88,110.5632
2017-11-24,9.67,0.59,3.86,,58.94,110.0253
2017-11-27,9.87,0.58,3.86,,58.1,110.1136
2017-11-28,10.03,0.59,3.86,,57.96,110.3018
2017-11-29,10.7,0.59,3.86,,57.25,110.3265
2017-11-30,11.28,0.64,3.86,,57.4,110.4648
2017-12-01,11.43,0.59,3.86,,58.35,110.1413
2017-12-04,11.68,0.57,3.86,,57.48,110.397
2017-12-05,11.33,0.53,3.86,,57.66,110.4905
2017-12-06,11.02,0.55,3.86,,55.79,110.8711
2017-12-07,10.16,0.57,3.86,,56.5,111.0178
2017-12-08,9.58,0.58,3.86,,57.15,111.2273
2017-12-11,9.34,0.57,3.86,,57.84,111.0827
2017-12-12,9.92,0.57,3.86,,57.12,111.5214
2017-12-13,10.18,0.57,3.86,,56.59,111.2759
2017-12-14,10.49,0.53,3.86,,57.0,111.0893
2017-12-15,9.42,0.51,3.86,,57.29,111.1286
2017-12-18,9.53,0.55,3.86,,57.17,110.9086
2017-12-19,10.03,0.59,3.86,,57.49,111.1255
2017-12-20,9.72,0.62,3.86,,58.09,110.8361
2017-12-21,9.62,0.59,3.86,,58.34,110.8786
2017-12-22,9.9,0.57,3.86,,58.25,111.0997
2017-12-25,9.9,0.57,3.86,,58.25,111.0997
2017-12-26,10.25,0.55,3.86,,59.55,110.9758
2017-12-27,10.47,0.53,3.86,,59.67,110.8553
2017-12-28,10.18,0.52,3.86,,59.84,110.5154
2017-12-29,11.04,0.51,3.86,,60.46,110.0783
2018-01-01,11.04,0.51,3.86,,60.46,110.0783
2018-01-02,9.77,0.54,3.86,,60.37,109.6445
2018-01-03,9.15,0.5,3.86,,61.61,109.6751
2018-01-04,9.22,0.5,3.86,,61.98,109.4777
2018-01-05,9.22,0.51,3.86,,61.49,109.3496
2018-01-08,9.52,0.53,3.86,,61.73,109.5681
2018-01-09,10.08,0.57,3.86,,62.92,109.9025
2018-01-10,9.82,0.57,3.86,,63.6,109.628
2018-01-11,9.88,0.56,3.86,,63.81,109.4888
2018-01-12,10.16,0.56,3.86,,64.22,108.901
2018-01-15,10.16,0.56,3.86,,64.22,108.901
2018-01-16,11.66,0.51,3.86,,63.82,108.3218
2018-01-17,11.91,0.52,3.86,,63.92,108.1526
2018-01-18,12.22,0.57,3.86,,63.96,108.0655
2018-01-19,11.27,0.58,3.86,,63.38,107.9455
2018-01-22,11.03,0.58,3.86,,63.66,108.107
2018-01-23,11.1,0.57,3.86,,64.45,107.9979
2018-01-24,11.47,0.57,3.86,,65.69,107.0802
2018-01-25,11.58,0.55,3.86,,65.62,106.5052
2018-01-26,11.08,0.53,3.86,,66.27,106.6911
2018-01-29,13.84,0.59,3.86,,65.71,107.1142
2018-01-30,14.79,0.6,3.86,,64.64,107.1064
2018-01-31,13.54,0.58,3.86,,64.82,106.7696
2018-02-01,13.47,0.62,3.86,,65.92,106.4877
2018-02-02,17.31,0.69,3.86,,65.5,107.1151
2018-02-05,37.32,0.69,3.86,,64.18,107.33
2018-02-06,29.98,0.69,3.86,,63.48,107.5204
2018-02-07,27.73,0.69,3.86,,61.91,107.7175
2018-02-08,33.46,0.72,3.86,,61.3,108.3025
2018-02-09,29.06,0.78,3.86,,59.2,108.2582
2018-02-12,25.61,0.77,3.86,,59.41,108.0332
2018-02-13,24.97,0.73,3.86,,59.33,107.7574
2018-02-14,19.26,0.74,3.86,,60.7,107.4691
2018-02-15,19.13,0.71,3.86,,61.48,106.9867
2018-02-16,19.46,0.66,3.86,,61.89,107.0359
2018-02-19,19.46,0.66,3.86,,61.89,107.0359
2018-02-20,20.6,0.63,3.86,,61.91,107.6249
2018-02-21,20.02,0.68,3.86,,61.73,107.8679
2018-02-22,18.72,0.67,3.86,,62.72,107.8668
2018-02-23,16.49,0.63,3.86,,63.52,107.6804
2018-02-26,15.8,0.64,3.86,,63.81,107.7347
2018-02-27,18.59,0.63,3.86,,62.94,108.1731
2018-02-28,19.85,0.62,3.86,,61.43,108.3903
2018-03-01,22.47,0.59,3.86,,60.98,108.5358
2018-03-02,19.59,0.61,3.86,,61.19,108.5358
2018-03-05,18.73,0.64,3.86,,62.49,108.3614
2018-03-06,18.36,0.63,3.86,,62.54,107.7969
2018-03-07,17.76,0.64,3.86,,61.09,108.0911
2018-03-08,16.54,0.61,3.86,,60.13,108.2671
2018-03-09,14.64,0.63,3.86,,62.02,107.923
2018-03-12,15.78,0.6,3.86,,61.35,107.9438
2018-03-13,16.35,0.58,3.86,,60.69,107.7384
2018-03-14,17.23,0.55,3.86,,60.89,107.8623
2018-03-15,16.59,0.53,3.86,,61.16,108.2032
2018-03-16,15.8,0.54,3.86,,62.29,108.4332
2018-03-19,19.02,0.54,3.86,,62.01,108.3145
2018-03-20,18.2,0.55,3.86,,63.37,108.4953
2018-03-21,17.86,0.58,3.86,,65.1,108.4953
2018-03-22,23.34,0.54,3.86,,64.25,107.9935
2018-03-23,24.87,0.54,3.86,,65.8,107.7495
2018-03-26,21.03,0.52,3.86,,65.49,107.1819
2018-03-27,22.5,0.52,3.86,,65.21,107.3359
2018-03-28,22.87,0.49,3.86,,64.3,107.5733
2018-03-29,19.97,0.47,3.86,,64.87,107.665
2018-03-30,19.97,0.47,3.86,,64.87,107.4784
2018-04-01,19.97,0.47,3.86,,64.87,107.4784
2018-04-02,23.62,0.48,3.86,,63.05,107.7033
2018-04-03,21.1,0.51,3.86,,63.41,107.5624
2018-04-04,20.06,0.51,3.86,,63.35,107.6361
2018-04-05,18.94,0.53,3.86,,63.53,107.7281
2018-04-06,21.49,0.5,3.86,,62.03,107.7886
2018-04-09,21.77,0.49,3.86,,63.4,107.5316
2018-04-10,20.47,0.48,3.86,,65.48,107.3659
2018-04-11,20.24,0.47,3.86,,66.81,107.1224
2018-04-12,18.49,0.49,3.86,,67.07,107.2905
2018-04-13,17.41,0.45,3.86,,67.35,107.2368
2018-04-16,16.56,0.44,3.86,,66.23,107.0595
2018-04-17,15.25,0.41,3.86,,66.5,107.0344
2018-04-18,15.6,0.45,3.86,,68.44,107.1096
2018-04-19,15.96,0.48,3.86,,68.3,107.5197
2018-04-20,16.88,0.5,3.86,,68.26,108.1787
2018-04-23,16.34,0.49,3.86,,67.61,108.9332
2018-04-24,18.02,0.52,3.86,,67.66,108.7906
2018-04-25,17.84,0.54,3.86,,68.0,109.3447
2018-04-26,16.24,0.51,3.86,,68.18,109.3646
2018-04-27,15.41,0.47,3.86,,68.11,109.1735
2018-04-30,15.93,0.46,3.86,,68.56,109.3363
2018-05-01,15.49,0.47,3.86,,67.28,109.7445
2018-05-02,15.97,0.48,3.86,,67.91,110.1625
2018-05-03,15.9,0.45,3.86,,68.45,110.1803
2018-05-04,14.77,0.44,3.86,,69.71,110.25
2018-05-07,14.75,0.46,3.86,,70.74,110.5721
2018-05-08,14.71,0.46,3.86,,68.83,111.063
2018-05-09,13.42,0.46,3.86,,71.16,110.8818
2018-05-10,13.23,0.43,3.86,,71.36,110.405
2018-05-11,12.65,0.43,3.86,,70.69,110.2847
2018-05-14,12.93,0.45,3.86,,71.01,110.408
2018-05-15,14.63,0.5,3.86,,71.34,111.2292
2018-05-16,13.42,0.51,3.86,,71.43,111.3068
2018-05-17,13.43,0.54,3.86,,71.47,111.3547
2018-05-18,13.42,0.51,3.86,,71.23,111.7171
2018-05-21,13.08,0.48,3.86,,72.26,111.6394
2018-05-22,13.22,0.47,3.86,,72.09,111.1945
2018-05-23,12.58,0.48,3.86,,71.85,111.6933
2018-05-24,12.53,0.48,3.86,,70.77,111.4885
2018-05-25,13.22,0.45,3.86,,67.92,111.5843
2018-05-28,13.22,0.45,3.86,,67.92,111.5843
2018-05-29,17.02,0.45,3.86,,66.8,112.2127
2018-05-30,14.94,0.42,3.86,,68.24,111.6731
2018-05-31,15.43,0.43,3.86,,66.98,111.9894
2018-06-01,13.46,0.42,3.86,,65.81,111.8265
2018-06-04,12.74,0.42,3.86,,64.76,111.8247
2018-06-05,12.4,0.43,3.86,,65.51,112.264
2018-06-06,11.64,0.45,3.86,,64.75,111.7525
2018-06-07,12.13,0.43,3.86,,65.96,112.0725
2018-06-08,12.18,0.43,3.86,,65.77,112.1066
2018-06-11,12.35,0.44,3.86,,66.1,112.1106
2018-06-12,12.34,0.42,3.86,,66.38,112.2138
2018-06-13,12.94,0.39,3.86,,66.63,112.2577
2018-06-14,12.12,0.35,3.86,,66.91,112.8593
2018-06-15,11.98,0.38,3.86,,65.01,113.3379
2018-06-18,12.31,0.36,3.86,,65.91,113.4899
2018-06-19,13.35,0.35,3.86,,65.09,113.639
2018-06-20,12.79,0.37,3.86,,65.92,113.4784
2018-06-21,14.64,0.34,3.86,,65.68,113.6109
2018-06-22,13.77,0.34,3.86,,69.02,113.3047
2018-06-25,17.33,0.33,3.86,,69.91,113.286
2018-06-26,15.92,0.35,3.86,,75.23,113.3016
2018-06-27,17.91,0.31,3.86,,77.41,113.8971
2018-06-28,16.85,0.32,3.86,,73.45,113.8405
2018-06-29,16.09,0.33,3.86,,74.13,113.2586
2018-07-01,16.09,0.33,3.86,,74.13,113.2586
2018-07-02,15.6,0.3,3.86,,73.89,114.1673
2018-07-03,16.14,0.3,3.86,,74.19,113.3222
2018-07-04,16.14,0.3,3.86,,74.19,113.3222
2018-07-05,14.97,0.29,3.86,,73.05,112.9759
2018-07-06,13.37,0.29,3.86,,73.78,112.6428
2018-07-09,12.69,0.29,3.86,,73.93,112.6425
2018-07-10,12.64,0.28,3.86,,74.11,112.5794
2018-07-11,13.63,0.27,3.86,,70.47,112.8582
2018-07-12,12.58,0.25,3.86,,70.28,112.779
2018-07-13,12.18,0.24,3.86,,71.03,113.0705
2018-07-16,12.83,0.26,3.86,,68.22,112.8437
2018-07-17,12.06,0.24,3.86,,68.03,113.1504
2018-07-18,12.1,0.28,3.86,,68.78,113.3348
2018-07-19,12.87,0.24,3.86,,69.42,113.9463
2018-07-20,12.86,0.29,3.86,,70.31,113.3213
2018-07-23,12.62,0.32,3.86,,67.9,113.4246
2018-07-24,12.41,0.32,3.86,,70.77,113.2045
2018-07-25,12.29,0.28,3.86,,71.13,112.9221
2018-07-26,12.14,0.29,3.86,,71.59,112.9179
2018-07-27,13.03,0.29,3.86,,68.66,112.8125
2018-07-30,14.26,0.32,3.86,,71.19,112.6044
2018-07-31,12.83,0.29,3.86,,69.88,112.7299
2018-08-01,13.15,0.33,3.86,,68.8,112.8899
2018-08-02,12.19,0.32,3.86,,68.95,113.1679
2018-08-03,11.64,0.32,3.86,,68.49,113.012
2018-08-06,11.27,0.3,3.86,,69.01,113.229
2018-08-07,10.93,0.3,3.86,,69.17,112.9759
2018-08-08,10.85,0.28,3.86,,66.92,113.1411
2018-08-09,11.27,0.29,3.86,,66.81,113.3806
2018-08-10,13.16,0.26,3.86,,67.61,114.3005
2018-08-13,14.78,0.27,3.86,,67.25,114.851
2018-08-14,13.31,0.26,3.86,,67.04,114.658
2018-08-15,14.64,0.25,3.86,,65.07,115.1526
2018-08-16,13.45,0.24,3.86,,65.44,114.6416
2018-08-17,12.64,0.26,3.86,,65.93,114.5339
2018-08-20,12.49,0.22,3.86,,66.5,114.3504
2018-08-21,12.86,0.24,3.86,,67.32,113.8604
2018-08-22,12.25,0.22,3.86,,67.85,113.663
2018-08-23,12.41,0.21,3.86,,69.13,114.0932
2018-08-24,11.99,0.19,3.86,,69.71,113.5985
2018-08-27,12.16,0.18,3.86,,69.97,113.2721
2018-08-28,12.5,0.21,3.86,,68.54,113.3444
2018-08-29,12.25,0.22,3.86,,69.68,113.6461
2018-08-30,13.53,0.22,3.86,,70.25,114.0899
2018-08-31,12.86,0.24,3.86,,69.84,114.2755
2018-09-01,12.86,0.24,3.86,,69.84,114.2755
2018-09-03,12.86,0.24,3.86,,69.84,114.2755
2018-09-04,13.16,0.24,3.86,,69.82,114.8584
2018-09-05,13.91,0.24,3.86,,68.69,114.7477
2018-09-06,14.65,0.24,3.86,,67.81,114.6479
2018-09-07,14.88,0.23,3.86,,67.73,114.5816
2018-09-10,14.16,0.21,3.86,,67.55,114.6802
2018-09-11,13.22,0.22,3.86,,69.29,114.7051
2018-09-12,13.14,0.23,3.86,,70.37,114.2192
2018-09-13,12.37,0.21,3.86,,68.6,113.9268
2018-09-14,12.07,0.21,3.86,,68.98,114.0657
2018-09-17,13.68,0.21,3.86,,68.86,113.9158
2018-09-18,12.79,0.24,3.86,,69.87,113.7739
2018-09-19,11.75,0.27,3.86,,71.08,113.6532
2018-09-20,11.8,0.26,3.86,,70.77,113.4989
2018-09-21,11.68,0.26,3.86,,70.8,113.5099
2018-09-24,12.2,0.25,3.86,,73.23,113.5301
2018-09-25,12.42,0.27,3.86,,73.4,113.7202
2018-09-26,12.89,0.23,3.86,,72.22,113.6739
2018-09-27,12.41,0.23,3.86,,72.18,113.9784
2018-09-28,12.12,0.24,3.86,,73.16,113.8077
2018-10-01,12.0,0.27,3.86,,75.37,113.8235
2018-10-02,12.05,0.23,3.86,,75.16,113.8954
2018-10-03,11.61,0.3,3.86,,76.4,114.1569
2018-10-04,14.22,0.32,3.86,,74.44,114.6867
2018-10-05,14.82,0.35,3.86,,74.26,114.561
2018-10-08,15.69,0.35,3.86,,74.27,114.561
2018-10-09,15.95,0.33,3.86,,74.95,114.6583
2018-10-10,22.96,0.34,3.86,,73.18,114.6072
2018-10-11,24.98,0.29,3.86,,70.97,114.4074
2018-10-12,21.31,0.3,3.86,,71.41,114.3691
2018-10-15,21.3,0.31,3.86,,71.84,114.045
2018-10-16,17.62,0.29,3.86,,71.93,113.8963
2018-10-17,17.4,0.3,3.86,,69.63,114.1755
2018-10-18,20.06,0.3,3.86,,68.63,114.8164
2018-10-19,19.89,0.28,3.86,,69.16,114.8567
2018-10-22,19.64,0.28,3.86,,69.25,115.1782
2018-10-23,20.71,0.28,3.86,,66.49,115.1651
2018-10-24,25.23,0.26,3.86,,66.56,115.3755
2018-10-25,24.22,0.28,3.86,,67.25,115.4831
2018-10-26,24.16,0.27,3.86,,67.58,115.473
2018-10-29,24.7,0.27,3.86,,67.0,115.8936
2018-10-30,23.35,0.28,3.86,,66.18,116.2357
2018-10-31,21.23,0.28,3.86,,65.31,116.5281
2018-11-01,19.34,0.3,3.86,,63.67,115.8657
2018-11-02,19.51,0.31,3.86,,63.12,115.643
2018-11-05,19.96,0.29,3.86,,63.12,115.703
2018-11-06,19.91,0.29,3.86,,62.16,115.5622
2018-11-07,16.36,0.26,3.86,,61.69,115.2519
2018-11-08,16.72,0.26,3.86,,60.71,115.6478
2018-11-09,17.36,0.25,3.86,,60.19,116.4778
2018-11-12,20.45,0.25,3.86,,59.85,116.4778
2018-11-13,20.02,0.25,3.86,,55.63,116.6694
2018-11-14,21.25,0.26,3.86,,56.16,116.498
2018-11-15,19.98,0.25,3.86,,56.45,116.3861
2018-11-16,18.14,0.27,3.86,,56.49,115.9258
2018-11-19,20.1,0.27,3.86,,57.16,115.9859
2018-11-20,22.48,0.27,3.86,,53.39,116.2367
2018-11-21,20.8,0.25,3.86,,54.41,116.092
2018-11-22,20.8,0.25,3.86,,54.41,116.092
2018-11-23,21.52,0.24,3.86,,54.41,116.4713
2018-11-26,18.9,0.23,3.86,,51.46,116.6208
2018-11-27,19.02,0.23,3.86,,51.31,116.9001
2018-11-28,18.49,0.25,3.86,,50.06,116.8343
2018-11-29,18.79,0.22,3.86,,51.46,116.1961
2018-11-30,18.07,0.21,3.86,,50.78,116.413
2018-12-01,18.07,0.21,3.86,,50.78,116.413
2018-12-03,16.44,0.15,3.86,,52.98,115.9057
2018-12-04,20.74,0.11,3.86,,53.21,116.0028
2018-12-05,20.74,0.11,3.86,,52.64,116.0028
2018-12-06,21.19,0.12,3.86,,51.54,116.3991
2018-12-07,23.23,0.13,3.86,,52.76,116.0847
2018-12-10,22.64,0.13,3.86,,51.07,116.6746
2018-12-11,21.76,0.11,3.86,,51.65,116.7564
2018-12-12,21.46,0.14,3.86,,51.04,116.2214
2018-12-13,20.65,0.16,3.86,,52.69,116.3974
2018-12-14,21.63,0.16,3.86,,51.26,116.79
2018-12-17,24.52,0.16,3.86,,49.8,116.4532
2018-12-18,25.58,0.17,3.86,,46.12,116.4127
2018-12-19,25.58,0.14,3.86,,47.96,116.0676
2018-12-20,28.38,0.12,3.86,,45.64,116.0183
2018-12-21,30.11,0.16,3.86,,45.38,116.2227
2018-12-24,36.07,0.19,3.86,,45.38,116.2182
2018-12-25,36.07,0.19,3.86,,45.38,116.2182
2018-12-26,30.41,0.2,3.86,,46.04,116.1162
2018-12-27,29.96,0.21,3.86,,44.48,115.9927
2018-12-28,28.34,0.2,3.86,,45.15,115.7232
2018-12-31,25.42,0.21,3.86,,45.15,115.5674
2019-01-01,25.42,0.21,3.86,,45.15,115.5674
2019-01-02,23.22,0.16,3.86,,46.31,115.7689
2019-01-03,25.45,0.17,3.86,,46.92,115.4622
2019-01-04,21.38,0.17,3.86,,47.76,114.9821
2019-01-07,21.4,0.17,3.86,,48.27,114.5628
2019-01-08,20.47,0.15,3.86,,49.58,114.7281
2019-01-09,19.98,0.18,3.86,,52.19,114.1406
2019-01-10,19.5,0.18,3.86,,52.42,114.0496
2019-01-11,18.19,0.16,3.86,,51.44,114.0404
2019-01-14,19.07,0.18,3.86,,50.31,114.0404
2019-01-15,18.6,0.19,3.86,,51.8,114.3402
2019-01-16,19.04,0.18,3.86,,52.08,114.137
2019-01-17,18.06,0.19,3.86,,51.83,114.4115
2019-01-18,17.8,0.17,3.86,,53.6,114.558
2019-01-21,17.8,0.17,3.86,,53.6,114.558
2019-01-22,20.8,0.16,3.86,,52.59,114.7541
2019-01-23,19.52,0.18,3.86,,52.44,114.5759
2019-01-24,18.89,0.16,3.86,,52.94,114.617
2019-01-25,17.42,0.16,3.86,,53.53,114.0197
2019-01-28,18.87,0.15,3.86,,51.79,114.0522
2019-01-29,19.13,0.16,3.86,,53.07,114.026
2019-01-30,17.66,0.18,3.86,,54.18,114.0731
2019-01-31,16.57,0.18,3.86,,53.84,113.5504
2019-02-01,16.14,0.18,3.86,,55.29,113.7548
2019-02-04,15.73,0.2,3.86,,54.57,113.8766
2019-02-05,15.57,0.18,3.86,,53.69,114.0431
2019-02-06,15.38,0.18,3.86,,53.94,114.2305
2019-02-07,16.37,0.17,3.86,,52.68,114.4339
2019-02-08,15.72,0.18,3.86,,52.75,114.5003
2019-02-11,15.97,0.17,3.86,,52.43,115.031
2019-02-12,15.43,0.18,3.86,,53.14,114.7297
2019-02-13,15.65,0.18,3.86,,53.84,114.9407
2019-02-14,16.22,0.16,3.86,,54.4,115.1007
2019-02-15,14.91,0.14,3.86,,55.58,114.9923
2019-02-18,14.91,0.14,3.86,,55.58,114.9923
2019-02-19,14.88,0.15,3.86,,56.12,114.57
2019-02-20,14.02,0.15,3.86,,56.9,114.57
2019-02-21,14.46,0.16,3.86,,56.95,114.5091
2019-02-22,13.51,0.17,3.86,,57.01,114.2716
2019-02-25,14.85,0.16,3.86,,55.32,114.1457
2019-02-26,15.17,0.16,3.86,,55.4,114.0687
2019-02-27,14.7,0.19,3.86,,56.92,114.0363
2019-02-28,14.78,0.21,3.86,,57.21,114.1991
2019-03-01,13.57,0.21,3.86,,55.76,114.537
2019-03-04,14.63,0.17,3.86,,56.6,114.6925
2019-03-05,14.74,0.17,3.86,,56.55,114.804
2019-03-06,15.74,0.17,3.86,,56.22,114.9714
2019-03-07,16.59,0.17,3.86,,56.6,115.4919
2019-03-08,16.05,0.17,3.86,,55.77,115.3599
2019-03-11,14.33,0.17,3.86,,56.79,115.2967
2019-03-12,13.77,0.16,3.86,,56.89,114.939
2019-03-13,13.41,0.16,3.86,,58.27,114.7372
2019-03-14,13.5,0.17,3.86,,58.59,114.79
2019-03-15,12.88,0.16,3.86,,58.51,114.5815
2019-03-18,13.1,0.15,3.86,,59.09,114.4375
2019-03-19,13.56,0.15,3.86,,59.12,114.2324
2019-03-20,13.91,0.14,3.86,,60.12,114.1509
2019-03-21,13.63,0.13,3.86,,59.98,114.1684
2019-03-22,16.48,0.13,3.86,,58.87,114.6856
2019-03-25,16.33,0.17,3.86,,58.71,114.4171
2019-03-26,14.68,0.17,3.86,,59.87,114.6414
2019-03-27,15.15,0.17,3.86,,59.39,115.1243
2019-03-28,14.43,0.16,3.86,,59.29,115.2581
2019-03-29,13.71,0.14,3.86,,60.19,115.1371
2019-04-01,13.4,0.16,3.86,,61.59,114.9362
2019-04-02,13.36,0.18,3.86,,62.53,115.1173
2019-04-03,13.74,0.19,3.86,,62.46,114.7211
2019-04-04,13.58,0.18,3.86,,62.12,114.9697
2019-04-05,12.82,0.15,3.86,,63.1,114.9726
2019-04-08,13.18,0.16,3.86,,64.37,114.6893
2019-04-09,14.28,0.16,3.86,,64.05,114.5321
2019-04-10,13.3,0.17,3.86,,64.62,114.4269
2019-04-11,13.02,0.16,3.86,,63.61,114.6303
2019-04-12,12.01,0.16,3.86,,63.86,114.3531
2019-04-15,12.32,0.15,3.86,,63.43,114.495
2019-04-16,12.18,0.19,3.86,,64.01,114.6756
2019-04-17,12.6,0.19,3.86,,63.74,114.5141
2019-04-18,12.09,0.19,3.86,,64.02,114.7073
2019-04-19,12.09,0.19,3.86,,64.02,114.6977
2019-04-22,12.42,0.21,3.86,,65.66,114.7694
2019-04-23,12.28,0.21,3.86,,66.24,115.1578
2019-04-24,13.14,0.21,3.86,,65.96,115.4187
2019-04-25,13.25,0.21,3.86,,65.23,115.7709
2019-04-26,12.73,0.23,3.86,,63.29,115.4767
2019-04-29,13.11,0.24,3.86,,63.39,115.5227
2019-04-30,13.12,0.24,3.86,,63.83,115.3281
2019-05-01,14.8,0.21,3.86,,63.55,115.0022
2019-05-02,14.42,0.2,3.86,,61.75,115.5617
2019-05-03,12.87,0.21,3.86,,61.98,115.2646
2019-05-06,15.44,0.2,3.86,,62.3,115.3811
2019-05-07,19.32,0.17,3.86,,61.41,115.6116
2019-05-08,19.4,0.19,3.86,,62.13,115.5171
2019-05-09,19.1,0.19,3.86,,61.58,115.8421
2019-05-10,16.04,0.21,3.86,,61.65,115.5334
2019-05-13,20.55,0.22,3.86,,60.97,115.915
2019-05-14,18.06,0.22,3.86,,61.82,115.9425
2019-05-15,16.44,0.21,3.86,,62.03,115.8565
2019-05-16,15.29,0.2,3.86,,62.93,116.0346
2019-05-17,15.96,0.19,3.86,,62.77,116.448
2019-05-20,16.31,0.2,3.86,,63.12,116.3119
2019-05-21,14.95,0.17,3.86,,63.02,116.2844
2019-05-22,14.75,0.16,3.86,,61.42,116.2412
2019-05-23,16.92,0.19,3.86,,57.65,116.2368
2019-05-24,15.85,0.16,3.86,,58.4,116.0806
2019-05-27,15.85,0.16,3.86,,58.4,116.0806
2019-05-28,17.5,0.14,3.86,,58.91,116.3174
2019-05-29,17.9,0.16,3.86,,58.84,116.5535
2019-05-30,17.3,0.16,3.86,,56.47,116.3989
2019-05-31,18.71,0.19,3.86,,53.49,116.7273
2019-06-01,18.71,0.19,3.86,,53.49,116.7273
2019-06-03,18.86,0.25,3.86,,53.25,116.4764
2019-06-04,16.97,0.24,3.86,,53.5,116.091
2019-06-05,16.09,0.29,3.86,,51.57,116.03
2019-06-06,15.93,0.24,3.86,,52.59,115.9771
2019-06-07,16.3,0.24,3.86,,53.95,115.7368
2019-06-10,15.94,0.25,3.86,,53.33,115.5001
2019-06-11,15.99,0.22,3.86,,53.3,115.3794
2019-06-12,15.91,0.25,3.86,,51.13,115.438
2019-06-13,15.82,0.27,3.86,,52.38,115.6275
2019-06-14,15.28,0.25,3.86,,52.47,115.9057
2019-06-17,15.35,0.23,3.86,,51.94,115.9684
2019-06-18,15.15,0.2,3.86,,53.86,115.8797
2019-06-19,14.33,0.29,3.86,,53.74,115.7889
2019-06-20,14.75,0.29,3.86,,56.88,114.8046
2019-06-21,15.4,0.3,3.86,,57.35,114.8377
2019-06-24,15.26,0.3,3.86,,57.73,114.6559
2019-06-25,16.28,0.29,3.86,,57.63,114.6363
2019-06-26,16.21,0.28,3.86,,59.17,114.5608
2019-06-27,15.82,0.27,3.86,,59.18,114.665
2019-06-28,15.08,0.25,3.86,,58.2,114.5821
2019-07-01,14.06,0.25,3.86,,58.91,114.7239
2019-07-02,12.93,0.21,3.86,,56.0,114.8258
2019-07-03,12.57,0.19,3.86,,57.06,114.8135
2019-07-04,12.57,0.19,3.86,,57.06,114.8135
2019-07-05,13.28,0.17,3.86,,57.06,115.1132
2019-07-08,13.96,0.17,3.86,,57.35,115.0254
2019-07-09,14.09,0.15,3.86,,57.57,115.1017
2019-07-10,13.03,0.25,3.86,,60.28,115.0879
2019-07-11,12.93,0.28,3.86,,59.93,114.8361
2019-07-12,12.39,0.28,3.86,,59.99,114.7685
2019-07-15,12.68,0.26,3.86,,59.3,114.6819
2019-07-16,12.86,0.26,3.86,,57.44,115.0111
2019-07-17,13.97,0.23,3.86,,56.5,114.8819
2019-07-18,13.53,0.27,3.86,,55.08,114.8744
2019-07-19,14.45,0.25,3.86,,55.42,114.8695
2019-07-22,13.53,0.25,3.86,,55.87,115.0018
2019-07-23,12.61,0.25,3.86,,56.58,115.2995
2019-07-24,12.07,0.22,3.86,,55.9,115.2436
2019-07-25,12.74,0.22,3.86,,55.88,115.2982
2019-07-26,12.16,0.22,3.86,,56.04,115.5449
2019-07-29,12.83,0.21,3.86,,56.85,115.5885
2019-07-30,13.94,0.21,3.86,,58.04,115.6211
2019-07-31,16.12,0.13,3.86,,58.53,115.4946
2019-08-01,17.87,0.17,3.86,,53.64,116.0499
2019-08-02,17.61,0.14,3.86,,55.67,116.1864
2019-08-05,24.59,0.16,3.86,,54.63,116.5851
2019-08-06,20.17,0.13,3.86,,53.6,116.6904
2019-08-07,19.49,0.12,3.86,,51.14,116.7987
2019-08-08,16.91,0.1,3.86,,52.6,116.474
2019-08-09,17.97,0.11,3.86,,54.41,116.4419
2019-08-12,21.09,0.07,3.86,,54.98,116.7548
2019-08-13,17.52,0.02,3.86,,57.05,116.7267
2019-08-14,22.1,0.01,3.86,,55.16,117.0913
2019-08-15,21.18,0.04,3.86,,54.51,117.2239
2019-08-16,18.47,0.07,3.86,,54.83,117.0786
2019-08-19,16.88,0.07,3.86,,56.24,117.3886
2019-08-20,17.5,0.05,3.86,,56.18,117.3726
2019-08-21,15.8,0.03,3.86,,55.65,117.1764
2019-08-22,16.68,0.01,3.86,,55.33,117.3558
2019-08-23,19.87,0.01,3.86,,54.08,117.3009
2019-08-26,19.32,0.0,3.86,,53.54,117.6658
2019-08-27,20.31,-0.04,3.86,,54.99,117.75
2019-08-28,19.35,-0.03,3.86,,55.76,117.8767
2019-08-29,17.88,-0.03,3.86,,56.67,118.0625
2019-08-30,18.98,0.0,3.86,,55.07,118.1575
2019-09-01,18.98,0.0,3.86,,55.07,118.1575
2019-09-02,18.98,0.0,3.86,,55.07,118.1575
2019-09-03,19.66,0.0,3.86,,53.91,118.3113
2019-09-04,17.33,0.04,3.86,,56.22,117.6729
2019-09-05,16.27,0.02,3.86,,56.33,117.4776
2019-09-06,15.0,0.02,3.86,,56.45,117.1292
2019-09-09,15.27,0.05,3.86,,57.88,117.0601
2019-09-10,15.2,0.05,3.86,,57.37,117.0887
2019-09-11,14.61,0.07,3.86,,55.66,117.3125
2019-09-12,14.22,0.07,3.86,,55.13,116.8375
2019-09-13,13.74,0.11,3.86,,54.76,116.7677
2019-09-16,14.67,0.1,3.86,,63.1,117.0251
2019-09-17,14.44,0.09,3.86,,59.26,116.9826
2019-09-18,13.95,0.03,3.86,,58.19,116.9766
2019-09-19,14.05,0.05,3.86,,58.19,117.0861
2019-09-20,15.32,0.05,3.86,,57.92,117.1819
2019-09-23,14.91,0.04,3.86,,58.69,117.2986
2019-09-24,17.05,0.04,3.86,,57.22,117.2227
2019-09-25,15.96,0.05,3.86,,56.38,117.6527
2019-09-26,16.07,0.04,3.86,,56.24,117.7267
2019-09-27,17.22,0.06,3.86,,55.95,117.7218
2019-09-30,16.24,0.05,3.86,,54.09,117.9461
2019-10-01,18.56,0.09,3.86,,53.6,117.9595
2019-10-02,20.56,0.12,3.86,,52.67,117.9671
2019-10-03,19.12,0.15,3.86,,52.41,117.6608
2019-10-04,17.04,0.12,3.86,,52.84,117.5288
2019-10-07,17.86,0.1,3.86,,52.76,117.5533
2019-10-08,20.28,0.12,3.86,,52.64,117.7407
2019-10-09,18.64,0.12,3.86,,52.63,117.6835
2019-10-10,17.57,0.14,3.86,,53.57,117.2801
2019-10-11,15.58,0.13,3.86,,54.76,116.8239
2019-10-14,14.57,0.13,3.86,,53.57,116.8239
2019-10-15,13.54,0.16,3.86,,52.81,116.8111
2019-10-16,13.68,0.17,3.86,,53.42,116.6425
2019-10-17,13.79,0.16,3.86,,53.89,116.2615
2019-10-18,14.25,0.18,3.86,,53.75,116.1344
2019-10-21,14.0,0.18,3.86,,53.28,116.0436
2019-10-22,14.46,0.18,3.86,,54.21,115.9851
2019-10-23,14.01,0.19,3.86,,55.9,116.0586
2019-10-24,13.71,0.19,3.86,,56.11,116.1278
2019-10-25,12.65,0.17,3.86,,56.52,116.0774
2019-10-28,13.11,0.21,3.86,,55.6,116.0222
2019-10-29,13.2,0.2,3.86,,55.34,115.9797
2019-10-30,12.33,0.17,3.86,,54.85,116.1636
2019-10-31,13.22,0.17,3.86,,54.02,115.9125
2019-11-01,12.3,0.17,3.86,,56.04,115.7312
2019-11-04,12.83,0.19,3.86,,56.33,115.8624
2019-11-05,13.1,0.23,3.86,,57.04,116.1138
2019-11-06,12.62,0.2,3.86,,56.15,116.1004
2019-11-07,12.73,0.24,3.86,,56.91,116.1172
2019-11-08,12.07,0.26,3.86,,57.02,116.3436
2019-11-11,12.69,0.26,3.86,,57.02,116.3436
2019-11-12,12.68,0.26,3.86,,56.67,116.5837
2019-11-13,13.0,0.25,3.86,,56.88,116.8397
2019-11-14,13.05,0.24,3.86,,56.57,116.8022
2019-11-15,12.05,0.23,3.86,,57.54,116.4401
2019-11-18,12.46,0.21,3.86,,56.82,116.3625
2019-11-19,12.86,0.19,3.86,,54.93,116.5391
2019-11-20,12.78,0.17,3.86,,56.71,116.828
2019-11-21,13.13,0.17,3.86,,58.36,116.7435
2019-11-22,12.34,0.16,3.86,,57.68,116.9137
2019-11-25,11.87,0.15,3.86,,57.79,117.0098
2019-11-26,11.54,0.16,3.86,,58.25,117.0513
2019-11-27,11.75,0.14,3.86,,58.12,117.1273
2019-11-28,11.75,0.14,3.86,,58.12,117.1273
2019-11-29,12.62,0.17,3.86,,58.12,117.1204
2019-12-01,12.62,0.17,3.86,,58.12,117.1204
2019-12-02,14.91,0.22,3.86,,55.97,116.9647
2019-12-03,15.96,0.19,3.86,,56.15,116.8898
2019-12-04,14.8,0.19,3.86,,58.46,116.692
2019-12-05,14.52,0.22,3.86,,58.42,116.3838
2019-12-06,13.62,0.23,3.86,,59.2,116.5381
2019-12-09,15.86,0.2,3.86,,58.99,116.3283
2019-12-10,15.68,0.2,3.86,,59.22,116.2542
2019-12-11,14.99,0.18,3.86,,58.74,116.1478
2019-12-12,13.94,0.24,3.86,,59.18,115.8741
2019-12-13,12.63,0.21,3.86,,60.11,115.6967
2019-12-16,12.14,0.24,3.86,,60.21,115.555
2019-12-17,12.29,0.26,3.86,,60.88,115.5553
2019-12-18,12.58,0.29,3.86,,60.93,115.6618
2019-12-19,12.5,0.3,3.86,,61.3,115.5988
2019-12-20,12.51,0.29,3.86,,60.43,115.7598
2019-12-23,12.61,0.29,3.86,,60.51,115.8059
2019-12-24,12.67,0.28,3.86,,61.17,115.8059
2019-12-25,12.67,0.28,3.86,,61.17,115.8059
2019-12-26,12.65,0.26,3.86,,61.72,115.634
2019-12-27,13.43,0.29,3.86,,61.76,115.22
2019-12-30,14.82,0.32,3.86,,61.66,114.9631
2019-12-31,13.78,0.34,3.86,,61.14,114.669
2020-01-01,13.78,0.34,3.86,,61.14,114.669
2020-01-02,12.47,0.3,3.86,,61.17,114.9745
2020-01-03,14.02,0.27,3.86,,63.0,114.9867
2020-01-06,13.85,0.27,3.86,,63.27,114.9557
2020-01-07,13.79,0.29,3.86,,62.7,115.1477
2020-01-08,13.45,0.29,3.86,,59.65,115.1328
2020-01-09,12.54,0.27,3.86,,59.56,115.2331
2020-01-10,12.56,0.27,3.86,,59.02,115.0677
2020-01-13,12.32,0.27,3.86,,58.17,115.0342
2020-01-14,12.39,0.24,3.86,,58.34,115.0239
2020-01-15,12.42,0.23,3.86,,57.86,114.9528
2020-01-16,12.32,0.23,3.86,,58.52,115.0006
2020-01-17,12.1,0.26,3.86,,58.55,115.0656
2020-01-20,12.1,0.26,3.86,,58.55,115.0656
2020-01-21,12.85,0.25,3.86,,58.25,115.1876
2020-01-22,12.91,0.24,3.86,,56.76,115.2273
2020-01-23,12.98,0.23,3.86,,55.51,115.5545
2020-01-24,14.56,0.21,3.86,,54.09,115.5556
2020-01-27,18.23,0.17,3.86,,53.09,115.8004
2020-01-28,16.28,0.2,3.86,,53.33,115.7239
2020-01-29,16.39,0.18,3.86,,53.29,115.7003
2020-01-30,15.49,0.16,3.86,,52.19,115.8077
2020-01-31,18.84,0.18,3.86,,51.58,115.7345
2020-02-01,18.84,0.18,3.86,,51.58,115.7345
2020-02-03,17.97,0.18,3.86,,50.06,116.1172
2020-02-04,16.05,0.2,3.86,,49.59,115.9291
2020-02-05,15.15,0.22,3.86,,50.87,116.009
2020-02-06,14.96,0.21,3.86,,50.94,116.1518
2020-02-07,15.47,0.18,3.86,,50.34,116.5086
2020-02-10,15.04,0.19,3.86,,49.59,116.5711
2020-02-11,15.18,0.18,3.86,,50.0,116.3585
2020-02-12,13.74,0.18,3.86,,51.13,116.2794
2020-02-13,14.15,0.17,3.86,,51.41,116.3999
2020-02-14,13.68,0.17,3.86,,52.03,116.4223
2020-02-17,13.68,0.17,3.86,,52.03,116.4223
2020-02-18,14.83,0.14,3.86,,52.1,116.6039
2020-02-19,14.38,0.14,3.86,,53.31,116.7829
2020-02-20,15.56,0.13,3.86,,53.77,117.2454
2020-02-21,17.08,0.12,3.86,,53.36,117.0473
2020-02-24,25.03,0.12,3.86,,51.36,117.4018
2020-02-25,27.85,0.13,3.86,,49.78,117.2425
2020-02-26,27.56,0.17,3.86,,48.67,117.405
2020-02-27,39.16,0.19,3.86,,47.17,117.3678
2020-02-28,40.11,0.27,3.86,,44.83,117.6568
2020-03-01,40.11,0.27,3.86,,44.83,117.6568
2020-03-02,33.42,0.26,3.86,,46.78,116.8144
2020-03-03,36.82,0.31,3.86,,47.27,116.4958
2020-03-04,31.99,0.35,3.86,,46.78,116.7802
2020-03-05,39.62,0.33,3.86,,45.9,116.7901
2020-03-06,41.94,0.25,3.86,,41.14,116.7106
2020-03-09,54.46,0.16,3.86,,31.05,117.1871
2020-03-10,47.3,0.26,3.86,,34.47,117.9027
2020-03-11,53.9,0.32,3.86,,33.13,118.2505
2020-03-12,75.47,0.38,3.86,,31.56,120.4883
2020-03-13,57.83,0.45,3.86,,31.72,120.4388
2020-03-16,82.69,0.37,3.86,,28.96,120.9352
2020-03-17,75.91,0.55,3.86,,26.96,122.4816
2020-03-18,76.45,0.64,3.86,,20.48,124.1623
2020-03-19,72.0,0.68,3.86,,25.09,125.0587
2020-03-20,66.04,0.55,3.86,,19.48,124.9362
2020-03-23,61.59,0.48,3.86,,23.33,126.1262
2020-03-24,61.67,0.46,3.86,,21.03,125.5001
2020-03-25,63.95,0.54,3.86,,20.75,124.7916
2020-03-26,61.0,0.53,3.86,,16.6,122.4308
2020-03-27,65.54,0.47,3.86,,15.48,122.4007
2020-03-30,57.08,0.47,3.86,,14.1,123.2883
2020-03-31,53.54,0.47,3.86,,20.51,122.5301
2020-04-01,57.06,0.39,3.86,,20.28,123.7933
2020-04-02,50.91,0.4,3.86,,25.18,123.5916
2020-04-03,46.8,0.39,3.86,,28.36,124.4152
2020-04-06,45.24,0.4,3.86,,26.21,124.16
2020-04-07,46.7,0.47,3.86,,23.54,123.0956
2020-04-08,43.35,0.5,3.86,,24.97,123.2216
2020-04-09,41.67,0.5,3.86,,22.9,122.476
2020-04-10,41.67,0.5,3.86,,22.9,122.1592
2020-04-13,41.17,0.51,3.86,,22.36,122.5203
2020-04-14,37.76,0.53,3.86,,20.15,122.1121
2020-04-15,40.84,0.43,3.86,,19.96,123.0752
2020-04-16,40.11,0.41,3.86,,19.82,123.4615
2020-04-17,38.15,0.45,3.86,,18.31,122.871
2020-04-20,43.83,0.43,3.86,,-36.98,123.1033
2020-04-21,45.41,0.38,3.86,,8.91,123.9116
2020-04-22,41.98,0.41,3.86,,13.64,123.9256
2020-04-23,41.38,0.39,3.86,,15.06,123.7542
2020-04-24,35.93,0.38,3.86,,15.99,124.1615
2020-04-27,33.29,0.43,3.86,,12.17,123.8843
2020-04-28,33.57,0.42,3.86,,12.4,123.3693
2020-04-29,31.23,0.43,3.86,,15.04,122.7782
2020-04-30,34.15,0.44,3.86,,19.23,122.327
2020-05-01,37.19,0.44,3.86,,19.72,123.1492
2020-05-04,35.97,0.45,3.86,,20.47,123.2117
2020-05-05,33.61,0.47,3.86,,24.56,122.803
2020-05-06,34.12,0.55,3.86,,23.88,123.609
2020-05-07,31.44,0.5,3.86,,23.68,123.1249
2020-05-08,27.98,0.53,3.86,,24.73,122.5379
2020-05-11,27.57,0.56,3.86,,24.02,123.2333
2020-05-12,33.04,0.52,3.86,,25.76,123.0592
2020-05-13,35.28,0.48,3.86,,25.37,123.5408
2020-05-14,32.61,0.47,3.86,,27.4,123.6429
2020-05-15,31.89,0.48,3.86,,29.44,123.5991
2020-05-18,29.3,0.55,3.86,,31.83,122.7968
2020-05-19,30.53,0.53,3.86,,32.3,122.5655
2020-05-20,27.99,0.52,3.86,,33.56,122.1007
2020-05-21,29.53,0.51,3.86,,34.3,122.0914
2020-05-22,28.16,0.49,3.86,,33.49,122.3211
2020-05-25,28.16,0.49,3.86,,33.49,122.3211
2020-05-26,28.01,0.51,3.86,,34.7,121.3864
2020-05-27,27.62,0.49,3.86,,32.8,121.5677
2020-05-28,28.59,0.53,3.86,,33.67,121.0138
2020-05-29,27.51,0.49,3.86,,35.57,120.9458
2020-06-01,28.23,0.52,3.86,,35.49,120.2686
2020-06-02,26.84,0.51,3.86,,36.88,119.6854
2020-06-03,25.66,0.58,3.86,,37.33,119.2556
2020-06-04,25.81,0.63,3.86,,37.42,119.3014
2020-06-05,24.52,0.69,3.86,,39.49,118.8138
2020-06-08,25.81,0.66,3.86,,38.17,118.6621
2020-06-09,27.57,0.64,3.86,,38.98,118.5893
2020-06-10,27.57,0.58,3.86,,39.54,118.5231
2020-06-11,40.79,0.47,3.86,,36.43,119.2347
2020-06-12,36.09,0.52,3.86,,36.24,119.6645
2020-06-15,34.4,0.52,3.86,,37.07,119.9539
2020-06-16,33.67,0.54,3.86,,38.26,119.567
2020-06-17,33.47,0.55,3.86,,37.91,119.9105
2020-06-18,32.94,0.52,3.86,,38.79,120.2173
2020-06-19,35.12,0.51,3.86,,39.72,120.2186
2020-06-22,31.77,0.52,3.86,,40.6,119.7532
2020-06-23,31.37,0.54,3.86,,40.4,119.3285
2020-06-24,33.84,0.5,3.86,,37.91,119.9744
2020-06-25,32.22,0.51,3.86,,38.66,120.2997
2020-06-26,34.73,0.47,3.86,,38.53,120.533
2020-06-29,31.78,0.48,3.86,,39.67,120.6658
2020-06-30,30.43,0.5,3.86,,39.27,120.4649
2020-07-01,28.62,0.52,3.86,,39.88,120.0808
2020-07-02,27.68,0.52,3.86,,40.57,119.8555
2020-07-03,27.68,0.52,3.86,,40.57,119.8555
2020-07-06,27.94,0.53,3.86,,40.51,119.2852
2020-07-07,29.43,0.49,3.86,,40.59,119.5717
2020-07-08,28.08,0.51,3.86,,40.91,119.5525
2020-07-09,29.26,0.46,3.86,,39.64,119.5129
2020-07-10,27.29,0.49,3.86,,40.56,119.3509
2020-07-13,32.19,0.48,3.86,,40.06,119.1891
2020-07-14,29.52,0.49,3.86,,40.3,119.3901
2020-07-15,27.76,0.48,3.86,,41.2,119.0331
2020-07-16,28.0,0.46,3.86,,40.74,118.9275
2020-07-17,25.68,0.5,3.86,,40.55,119.124
2020-07-20,24.46,0.46,3.86,,40.83,119.0483
2020-07-21,24.84,0.47,3.86,,41.76,118.4042
2020-07-22,24.32,0.46,3.86,,41.88,118.1337
2020-07-23,26.08,0.43,3.86,,40.99,118.0613
2020-07-24,25.84,0.45,3.86,,41.23,118.1329
2020-07-27,24.74,0.47,3.86,,41.46,117.3869
2020-07-28,25.44,0.45,3.86,,40.89,117.3189
2020-07-29,24.1,0.46,3.86,,41.13,117.2126
2020-07-30,24.76,0.44,3.86,,39.85,117.4008
2020-07-31,24.46,0.44,3.86,,40.1,117.2082
2020-08-01,24.46,0.44,3.86,,40.1,117.2082
2020-08-03,24.28,0.45,3.86,,40.83,117.8074
2020-08-04,23.76,0.41,3.86,,41.67,117.7833
2020-08-05,22.99,0.44,3.86,,42.25,116.8736
2020-08-06,22.65,0.44,3.86,,41.93,117.0422
2020-08-07,22.21,0.44,3.86,,41.16,117.6239
2020-08-10,22.13,0.45,3.86,,41.94,117.5821
2020-08-11,24.03,0.48,3.86,,41.53,117.3781
2020-08-12,22.28,0.53,3.86,,42.6,117.2559
2020-08-13,22.13,0.55,3.86,,42.26,117.1193
2020-08-14,22.05,0.57,3.86,,42.05,116.9395
2020-08-17,21.35,0.55,3.86,,42.89,116.749
2020-08-18,21.51,0.53,3.86,,42.89,116.5593
2020-08-19,22.54,0.54,3.86,,42.91,116.567
2020-08-20,22.72,0.52,3.86,,42.62,116.8126
2020-08-21,22.54,0.48,3.86,,42.32,117.0572
2020-08-24,22.37,0.51,3.86,,42.44,116.912
2020-08-25,22.03,0.54,3.86,,43.17,116.8206
2020-08-26,23.27,0.53,3.86,,43.21,116.6243
2020-08-27,24.47,0.58,3.86,,42.88,116.649
2020-08-28,22.96,0.6,3.86,,42.96,115.9374
2020-08-31,26.41,0.58,3.86,,42.61,115.7586
2020-09-01,26.12,0.55,3.86,,42.76,115.5687
2020-09-02,26.57,0.52,3.86,,42.76,116.0304
2020-09-03,33.6,0.5,3.86,,41.39,116.0685
2020-09-04,30.75,0.58,3.86,,39.69,116.0347
2020-09-07,30.75,0.58,3.86,,39.69,116.0347
2020-09-08,31.46,0.55,3.86,,36.87,116.4618
2020-09-09,28.81,0.57,3.86,,38.05,116.1291
2020-09-10,29.71,0.54,3.86,,37.25,115.8806
2020-09-11,26.87,0.54,3.86,,37.33,116.0866
2020-09-14,25.85,0.54,3.86,,37.23,115.6428
2020-09-15,25.59,0.54,3.86,,38.29,115.5908
2020-09-16,26.04,0.55,3.86,,40.17,115.3537
2020-09-17,26.46,0.56,3.86,,40.99,115.4392
2020-09-18,25.83,0.56,3.86,,41.09,115.2395
2020-09-21,27.78,0.54,3.86,,39.26,116.378
2020-09-22,26.86,0.55,3.86,,39.55,116.5438
2020-09-23,28.58,0.54,3.86,,39.92,117.2526
2020-09-24,28.51,0.53,3.86,,40.11,117.5473
2020-09-25,26.38,0.54,3.86,,40.06,117.8679
2020-09-28,26.19,0.53,3.86,,40.47,117.6178
2020-09-29,26.27,0.55,3.86,,39.03,117.526
2020-09-30,26.37,0.56,3.86,,40.05,116.946
2020-10-01,26.7,0.54,3.86,,38.51,116.7227
2020-10-02,27.63,0.57,3.86,,36.9,116.7321
2020-10-05,27.96,0.64,3.86,,39.12,116.1767
2020-10-06,29.48,0.62,3.86,,40.52,116.2681
2020-10-07,28.06,0.65,3.86,,39.82,116.3447
2020-10-08,26.36,0.65,3.86,,41.04,116.1657
2020-10-09,25.0,0.63,3.86,,40.44,115.2757
2020-10-12,25.07,0.63,3.86,,39.22,115.2757
2020-10-13,26.07,0.58,3.86,,40.03,115.9107
2020-10-14,26.4,0.59,3.86,,40.86,115.6872
2020-10-15,26.97,0.6,3.86,,40.84,116.0964
2020-10-16,27.41,0.62,3.86,,40.7,115.7679
2020-10-19,29.18,0.62,3.86,,40.69,115.4031
2020-10-20,29.35,0.67,3.86,,41.37,115.2485
2020-10-21,28.65,0.69,3.86,,39.88,114.9108
2020-10-22,28.11,0.71,3.86,,40.46,115.1158
2020-10-23,27.55,0.67,3.86,,39.73,115.0126
2020-10-26,32.46,0.65,3.86,,38.39,115.2797
2020-10-27,33.35,0.63,3.86,,39.34,115.0131
2020-10-28,40.28,0.63,3.86,,37.27,115.8023
2020-10-29,37.59,0.69,3.86,,35.94,116.3069
2020-10-30,38.02,0.74,3.86,,35.64,116.1354
2020-11-01,38.02,0.74,3.86,,35.64,116.1354
2020-11-02,37.13,0.71,3.86,,36.6,116.2361
2020-11-03,35.55,0.73,3.86,,37.44,115.4802
2020-11-04,29.57,0.64,3.86,,38.97,115.1677
2020-11-05,27.58,0.65,3.86,,38.56,114.4556
2020-11-06,24.86,0.67,3.86,,36.97,113.9919
2020-11-09,25.75,0.79,3.86,,40.05,114.0895
2020-11-10,24.8,0.79,3.86,,41.18,114.0757
2020-11-11,23.45,0.79,3.86,,41.23,114.0757
2020-11-12,25.35,0.71,3.86,,40.9,114.2843
2020-11-13,23.1,0.72,3.86,,39.93,114.2397
2020-11-16,22.45,0.72,3.86,,41.14,113.8312
2020-11-17,22.71,0.69,3.86,,41.24,113.682
2020-11-18,23.84,0.72,3.86,,41.64,113.46
2020-11-19,23.11,0.68,3.86,,41.57,113.694
2020-11-20,23.7,0.67,3.86,,41.99,113.489
2020-11-23,22.66,0.7,3.86,,42.91,113.7548
2020-11-24,21.64,0.72,3.86,,44.71,113.4316
2020-11-25,21.25,0.71,3.86,,45.58,113.1823
2020-11-26,21.25,0.71,3.86,,45.58,113.1823
2020-11-27,20.84,0.68,3.86,,45.58,113.1823
2020-11-30,20.57,0.68,3.86,,45.2,113.2256
2020-12-01,20.77,0.75,3.86,,44.54,112.8063
2020-12-02,21.17,0.79,3.86,,45.23,112.6115
2020-12-03,21.28,0.76,3.86,,45.65,112.0236
2020-12-04,20.79,0.81,3.86,,46.23,111.7778
2020-12-07,21.3,0.8,3.86,,45.72,111.8385
2020-12-08,20.68,0.78,3.86,,45.64,111.8639
2020-12-09,22.27,0.79,3.86,,45.48,112.0305
2020-12-10,22.52,0.78,3.86,,46.76,111.9788
2020-12-11,23.31,0.79,3.86,,46.59,112.1417
2020-12-14,24.72,0.77,3.86,,47.02,112.1708
2020-12-15,22.89,0.81,3.86,,47.58,111.8601
2020-12-16,22.5,0.79,3.86,,47.86,111.7157
2020-12-17,21.93,0.81,3.86,,48.34,111.2226
2020-12-18,21.57,0.82,3.86,,49.04,111.6071
2020-12-21,25.16,0.82,3.86,,47.79,111.9415
2020-12-22,24.23,0.8,3.86,,47.02,112.1947
2020-12-23,23.31,0.83,3.86,,47.94,111.9807
2020-12-24,21.53,0.81,3.86,,48.18,111.9807
2020-12-25,21.53,0.81,3.86,,48.18,111.9807
2020-12-28,21.7,0.81,3.86,,47.5,111.9752
2020-12-29,23.08,0.82,3.86,,47.85,111.5172
2020-12-30,22.77,0.81,3.86,,48.24,111.3084
2020-12-31,22.75,0.8,3.86,,48.35,111.3169
2021-01-01,22.75,0.8,3.86,,48.35,111.3169
2021-01-04,26.97,0.82,3.86,,47.47,111.2075
2021-01-05,25.34,0.83,3.86,,49.78,110.9574
2021-01-06,25.07,0.9,3.86,,50.45,110.8502
2021-01-07,22.37,0.94,3.86,,50.63,111.3042
2021-01-08,21.56,0.99,3.86,,52.14,111.2847
2021-01-11,24.08,1.01,3.86,,52.15,111.8257
2021-01-12,23.33,1.01,3.86,,53.08,111.5501
2021-01-13,22.21,0.96,3.86,,52.81,111.3622
2021-01-14,23.25,0.99,3.86,,53.47,111.1567
2021-01-15,24.34,0.98,3.86,,52.25,111.5106
2021-01-18,24.34,0.98,3.86,,52.25,111.5106
2021-01-19,23.24,0.96,3.86,,52.87,111.4527
2021-01-20,21.58,0.97,3.86,,53.16,111.4527
2021-01-21,21.32,0.99,3.86,,53.0,111.1973
2021-01-22,21.91,0.97,3.86,,52.28,111.5516
2021-01-25,23.19,0.92,3.86,,52.78,111.8676
2021-01-26,23.02,0.94,3.86,,52.61,111.6572
2021-01-27,37.21,0.92,3.86,,52.81,112.0782
2021-01-28,30.21,0.95,3.86,,52.26,112.0059
2021-01-29,33.09,1.0,3.86,,52.16,111.9511
2021-02-01,30.24,0.98,3.86,,53.55,112.4189
2021-02-02,25.56,1.01,3.86,,54.77,112.2862
2021-02-03,22.91,1.04,3.86,,55.67,112.2567
2021-02-04,21.77,1.04,3.86,,56.19,112.7469
2021-02-05,20.87,1.1,3.86,,56.8,112.2379
2021-02-08,21.24,1.08,3.86,,57.95,112.0428
2021-02-09,21.63,1.07,3.86,,58.34,111.7675
2021-02-10,21.99,1.04,3.86,,58.69,111.5834
2021-02-11,21.25,1.05,3.86,,58.22,111.5272
2021-02-12,19.97,1.09,3.86,,59.5,111.4889
2021-02-15,19.97,1.09,3.86,,59.5,111.4889
2021-02-16,21.46,1.17,3.86,,60.07,111.7879
2021-02-17,21.5,1.18,3.86,,61.09,112.0204
2021-02-18,22.49,1.18,3.86,,60.4,112.1603
2021-02-19,22.05,1.23,3.86,,59.12,111.7058
2021-02-22,23.45,1.26,3.86,,61.67,111.918
2021-02-23,23.11,1.26,3.86,,61.66,111.8981
2021-02-24,21.34,1.26,3.86,,63.21,111.7212
2021-02-25,28.89,1.37,3.86,,63.43,111.9253
2021-02-26,27.95,1.3,3.86,,61.55,112.8306
2021-03-01,23.35,1.32,3.86,,60.54,112.5263
2021-03-02,24.1,1.29,3.86,,59.7,112.5342
2021-03-03,26.67,1.33,3.86,,61.33,112.7617
2021-03-04,28.57,1.4,3.86,,63.81,112.7037
2021-03-05,24.66,1.42,3.86,,66.08,113.7487
2021-03-08,25.47,1.42,3.86,,65.03,114.2678
2021-03-09,24.03,1.38,3.86,,64.02,113.928
2021-03-10,22.56,1.37,3.86,,64.45,113.5881
2021-03-11,21.91,1.4,3.86,,66.02,112.9214
2021-03-12,20.69,1.5,3.86,,65.59,113.0269
2021-03-15,20.03,1.48,3.86,,65.36,113.1928
2021-03-16,19.79,1.47,3.86,,64.82,112.9839
2021-03-17,19.23,1.5,3.86,,64.55,113.1589
2021-03-18,21.58,1.55,3.86,,59.95,112.7744
2021-03-19,20.95,1.58,3.86,,61.43,112.9756
2021-03-22,18.88,1.54,3.86,,61.48,113.0023
2021-03-23,20.3,1.48,3.86,,57.75,113.2916
2021-03-24,21.2,1.48,3.86,,61.12,113.6565
2021-03-25,19.81,1.49,3.86,,58.47,114.0016
2021-03-26,18.86,1.53,3.86,,60.93,113.7406
2021-03-29,20.74,1.59,3.86,,61.49,113.9314
2021-03-30,19.61,1.57,3.86,,60.55,114.203
2021-03-31,19.4,1.58,3.86,,59.19,113.8234
2021-04-01,17.33,1.52,3.86,,61.41,113.7389
2021-04-02,17.33,1.53,3.86,,61.41,113.7315
2021-04-05,17.91,1.56,3.86,,58.73,113.394
2021-04-06,18.12,1.51,3.86,,59.34,113.1464
2021-04-07,17.16,1.52,3.86,,59.77,113.2436
2021-04-08,16.95,1.5,3.86,,59.61,113.0917
2021-04-09,16.69,1.51,3.86,,59.29,113.2028
2021-04-12,16.91,1.51,3.86,,59.7,113.1815
2021-04-13,16.65,1.48,3.86,,60.2,113.0391
2021-04-14,16.99,1.48,3.86,,63.15,112.7849
2021-04-15,16.57,1.4,3.86,,63.42,112.6181
2021-04-16,16.25,1.43,3.86,,63.16,112.4814
2021-04-19,17.29,1.45,3.86,,63.33,112.1835
2021-04-20,18.68,1.43,3.86,,62.61,112.2354
2021-04-21,17.5,1.42,3.86,,61.34,112.1771
2021-04-22,18.71,1.41,3.86,,61.45,112.2297
2021-04-23,17.33,1.42,3.86,,62.18,112.0889
2021-04-26,17.64,1.4,3.86,,62.02,111.8109
2021-04-27,17.56,1.46,3.86,,63.03,111.9097
2021-04-28,17.28,1.46,3.86,,63.81,111.7909
2021-04-29,17.61,1.49,3.86,,65.0,111.7464
2021-04-30,18.61,1.49,3.86,,63.5,112.0839
2021-05-01,18.61,1.49,3.86,,63.5,112.0839
2021-05-03,18.31,1.47,3.86,,64.46,112.005
2021-05-04,19.48,1.45,3.86,,65.72,112.2896
2021-05-05,19.15,1.43,3.86,,65.63,112.1514
2021-05-06,18.39,1.42,3.86,,64.73,111.8401
2021-05-07,16.69,1.46,3.86,,64.96,111.0249
2021-05-10,19.66,1.47,3.86,,64.92,110.7905
2021-05-11,21.84,1.48,3.86,,65.31,110.8921
2021-05-12,27.59,1.53,3.86,,65.96,111.5636
2021-05-13,23.13,1.5,3.86,,63.82,111.5955
2021-05-14,18.81,1.47,3.86,,65.32,111.1353
2021-05-17,19.72,1.48,3.86,,66.24,111.079
2021-05-18,21.34,1.48,3.86,,65.49,110.8317
2021-05-19,22.18,1.52,3.86,,63.28,110.8807
2021-05-20,20.67,1.48,3.86,,61.95,110.8605
2021-05-21,20.15,1.46,3.86,,63.61,111.0576
2021-05-24,18.4,1.46,3.86,,66.13,110.9118
2021-05-25,18.84,1.41,3.86,,66.27,110.842
2021-05-26,17.36,1.44,3.86,,66.41,110.8677
2021-05-27,16.74,1.47,3.86,,66.87,110.8688
2021-05-28,16.76,1.44,3.86,,66.31,110.7576
2021-05-31,16.76,1.44,3.86,,66.31,110.7576
2021-06-01,17.9,1.46,3.86,,67.8,110.5046
2021-06-02,17.48,1.46,3.86,,68.79,110.5799
2021-06-03,18.04,1.47,3.86,,68.81,111.1782
2021-06-04,16.42,1.42,3.86,,69.57,110.7521
2021-06-07,16.42,1.41,3.86,,69.21,110.5155
2021-06-08,17.07,1.39,3.86,,70.11,110.649
2021-06-09,17.89,1.34,3.86,,69.9,110.5707
2021-06-10,16.1,1.31,3.86,,70.34,110.5456
2021-06-11,15.65,1.31,3.86,,71.0,111.0933
2021-06-14,16.39,1.35,3.86,,70.94,110.9659
2021-06-15,17.02,1.35,3.86,,72.06,111.3507
2021-06-16,18.15,1.36,3.86,,72.03,111.1165
2021-06-17,17.75,1.29,3.86,,71.06,112.5772
2021-06-18,20.7,1.19,3.86,,71.64,113.0408
2021-06-21,17.89,1.23,3.86,,73.64,112.8391
2021-06-22,16.66,1.23,3.86,,73.15,112.9174
2021-06-23,16.32,1.24,3.86,,73.11,112.3819
2021-06-24,15.97,1.23,3.86,,73.31,112.326
2021-06-25,15.62,1.26,3.86,,74.21,111.9655
2021-06-28,15.76,1.24,3.86,,72.98,112.0248
2021-06-29,16.02,1.22,3.86,,73.14,112.2613
2021-06-30,15.83,1.2,3.86,,73.52,112.5533
2021-07-01,15.48,1.23,3.86,,75.33,112.74
2021-07-02,15.07,1.2,3.86,,75.37,112.5425
2021-07-05,15.07,1.2,3.86,,75.37,112.5425
2021-07-06,16.44,1.15,3.86,,73.62,112.9516
2021-07-07,16.2,1.11,3.86,,72.22,113.1048
2021-07-08,19.0,1.11,3.86,,72.98,113.0776
2021-07-09,16.18,1.14,3.86,,74.56,112.8375
2021-07-12,16.17,1.15,3.86,,74.21,112.7611
2021-07-13,17.12,1.16,3.86,,75.24,113.0063
2021-07-14,16.33,1.14,3.86,,73.06,112.8801
2021-07-15,17.01,1.08,3.86,,71.67,113.0041
2021-07-16,18.45,1.06,3.86,,71.76,113.0428
2021-07-19,22.5,0.98,3.86,,66.45,113.5472
2021-07-20,19.73,1.03,3.86,,67.32,113.7502
2021-07-21,17.91,1.08,3.86,,70.26,113.3926
2021-07-22,17.69,1.07,3.86,,72.15,113.4695
2021-07-23,17.2,1.08,3.86,,72.24,113.4398
2021-07-26,17.58,1.07,3.86,,72.15,113.2238
2021-07-27,19.36,1.05,3.86,,71.68,113.2227
2021-07-28,18.31,1.06,3.86,,72.37,113.1807
2021-07-29,17.7,1.08,3.86,,73.62,112.4834
2021-07-30,18.24,1.05,3.86,,73.93,112.6714
2021-08-01,18.24,1.05,3.86,,73.93,112.6714
2021-08-02,19.46,1.03,3.86,,71.31,112.6691
2021-08-03,18.04,1.02,3.86,,70.64,112.8228
2021-08-04,17.97,1.02,3.86,,68.19,112.8953
2021-08-05,17.28,1.02,3.86,,69.1,112.7674
2021-08-06,16.15,1.1,3.86,,68.26,113.3088
2021-08-09,16.72,1.1,3.86,,66.56,113.4521
2021-08-10,16.79,1.12,3.86,,68.33,113.4973
2021-08-11,16.06,1.12,3.86,,69.3,113.282
2021-08-12,15.59,1.13,3.86,,69.12,113.2691
2021-08-13,15.45,1.06,3.86,,68.36,113.0615
2021-08-16,16.12,1.05,3.86,,67.44,113.1698
2021-08-17,17.91,1.03,3.86,,66.5,113.6174
2021-08-18,21.57,1.04,3.86,,65.36,113.6959
2021-08-19,21.67,1.02,3.86,,63.69,114.1106
2021-08-20,18.56,1.03,3.86,,62.25,114.5009
2021-08-23,17.15,1.02,3.86,,65.65,113.9418
2021-08-24,17.22,1.05,3.86,,67.5,113.6795
2021-08-25,16.79,1.12,3.86,,68.54,113.6322
2021-08-26,18.84,1.09,3.86,,67.42,113.7883
2021-08-27,16.39,1.09,3.86,,68.84,113.3404
2021-08-30,16.19,1.09,3.86,,69.28,113.246
2021-08-31,16.48,1.1,3.86,,68.43,113.1076
2021-09-01,16.11,1.11,3.86,,68.63,112.8732
2021-09-02,16.41,1.09,3.86,,70.07,112.7863
2021-09-03,16.41,1.12,3.86,,69.34,112.5476
2021-09-06,16.41,1.12,3.86,,69.34,112.5476
2021-09-07,18.14,1.16,3.86,,68.49,112.9795
2021-09-08,17.96,1.13,3.86,,69.36,113.2319
2021-09-09,18.8,1.07,3.86,,68.26,113.043
2021-09-10,20.95,1.12,3.86,,69.82,112.9425
2021-09-13,19.37,1.12,3.86,,70.54,113.0341
2021-09-14,19.46,1.07,3.86,,70.53,113.0061
2021-09-15,18.18,1.1,3.86,,72.59,112.9773
2021-09-16,18.69,1.11,3.86,,72.69,113.3036
2021-09-17,20.81,1.14,3.86,,72.09,113.5989
2021-09-20,25.71,1.08,3.86,,70.41,113.9422
2021-09-21,24.36,1.11,3.86,,70.51,113.8179
2021-09-22,20.87,1.07,3.86,,72.37,113.6223
2021-09-23,18.63,1.14,3.86,,73.43,113.513
2021-09-24,17.75,1.18,3.86,,74.18,113.7597
2021-09-27,18.76,1.17,3.86,,75.54,113.7432
2021-09-28,23.25,1.23,3.86,,75.44,114.2469
2021-09-29,22.56,1.25,3.86,,75.06,114.7092
2021-09-30,23.14,1.24,3.86,,75.22,114.6403
2021-10-01,21.15,1.21,3.86,,76.01,114.3798
2021-10-04,22.96,1.22,3.86,,77.68,114.2739
2021-10-05,21.3,1.26,3.86,,79.17,114.3654
2021-10-06,21.0,1.23,3.86,,77.66,114.7185
2021-10-07,19.54,1.26,3.86,,78.46,114.5044
2021-10-08,18.77,1.29,3.86,,79.55,114.5986
2021-10-11,20.0,1.29,3.86,,80.64,114.5986
2021-10-12,19.85,1.24,3.86,,80.75,114.7542
2021-10-13,18.64,1.19,3.86,,80.67,114.4705
2021-10-14,16.86,1.16,3.86,,81.43,114.2053
2021-10-15,16.3,1.18,3.86,,82.39,114.0905
2021-10-18,16.31,1.15,3.86,,82.62,113.9899
2021-10-19,15.7,1.24,3.86,,83.19,113.647
2021-10-20,15.49,1.25,3.86,,84.4,113.5083
2021-10-21,15.01,1.23,3.86,,82.64,113.6188
2021-10-22,15.43,1.18,3.86,,84.53,113.67
2021-10-25,15.24,1.17,3.86,,84.64,113.605
2021-10-26,15.98,1.16,3.86,,85.64,113.674
2021-10-27,16.98,1.04,3.86,,82.66,113.6218
2021-10-28,16.53,1.07,3.86,,82.78,113.4389
2021-10-29,16.26,1.07,3.86,,83.5,114.1349
2021-11-01,16.41,1.08,3.86,,84.08,114.2067
2021-11-02,16.03,1.1,3.86,,83.91,114.2847
2021-11-03,15.1,1.13,3.86,,80.82,114.3593
2021-11-04,15.44,1.12,3.86,,78.88,114.3558
2021-11-05,16.48,1.06,3.86,,81.25,114.0732
2021-11-08,17.22,1.06,3.86,,81.96,113.8256
2021-11-09,17.78,1.05,3.86,,84.12,113.762
2021-11-10,18.73,1.05,3.86,,81.23,114.1484
2021-11-11,17.66,1.05,3.86,,81.47,114.1484
2021-11-12,16.29,1.05,3.86,,80.87,114.5144
2021-11-15,16.49,1.1,3.86,,80.85,114.5876
2021-11-16,16.37,1.09,3.86,,80.76,115.136
2021-11-17,17.11,1.08,3.86,,78.32,115.0263
2021-11-18,17.59,1.07,3.86,,78.92,115.0678
2021-11-19,17.91,1.02,3.86,,76.11,115.2187
2021-11-22,19.17,1.0,3.86,,76.74,115.6481
2021-11-23,19.38,1.07,3.86,,78.32,116.0118
2021-11-24,18.58,1.0,3.86,,78.32,116.2711
2021-11-25,18.58,1.0,3.86,,78.32,116.2711
2021-11-26,28.62,0.98,3.86,,78.32,116.5103
2021-11-29,22.96,1.01,3.86,,69.88,116.581
2021-11-30,27.19,0.91,3.86,,66.14,116.2071
2021-12-01,31.12,0.87,3.86,,65.44,115.889
2021-12-02,27.95,0.81,3.86,,66.6,116.018
2021-12-03,30.67,0.75,3.86,,66.39,116.2377
2021-12-06,27.18,0.78,3.86,,69.62,116.1538
2021-12-07,21.89,0.78,3.86,,71.94,115.8555
2021-12-08,19.9,0.84,3.86,,72.43,115.4418
2021-12-09,21.58,0.79,3.86,,70.87,115.7784
2021-12-10,18.69,0.81,3.86,,71.71,115.5732
2021-12-13,20.31,0.76,3.86,,71.19,115.842
2021-12-14,21.89,0.77,3.86,,70.57,116.2397
2021-12-15,19.29,0.78,3.86,,70.89,116.4219
2021-12-16,20.57,0.8,3.86,,72.34,115.7146
2021-12-17,21.57,0.75,3.86,,70.93,115.791
2021-12-20,22.87,0.78,3.86,,68.69,116.0092
2021-12-21,21.01,0.78,3.86,,71.1,116.1089
2021-12-22,18.63,0.78,3.86,,72.82,115.7485
2021-12-23,17.96,0.79,3.86,,73.89,115.5337
2021-12-24,17.96,0.79,3.86,,73.89,115.5337
2021-12-27,17.68,0.72,3.86,,75.49,115.4684
2021-12-28,17.54,0.75,3.86,,76.01,115.4192
2021-12-29,16.95,0.8,3.86,,76.58,115.3678
2021-12-30,17.33,0.79,3.86,,76.83,115.283
2021-12-31,17.22,0.79,3.86,,75.33,115.283
2022-01-01,17.22,0.79,3.86,,75.33,115.283
2022-01-03,16.6,0.85,3.86,,75.99,115.4101
2022-01-04,16.91,0.89,3.86,,77.0,115.3103
2022-01-05,19.73,0.88,3.86,,77.83,115.137
2022-01-06,19.61,0.85,3.86,,79.47,115.4046
2022-01-07,18.76,0.89,3.86,,79.0,115.0451
2022-01-10,19.4,0.86,3.86,,78.11,115.2216
2022-01-11,18.41,0.85,3.86,,81.17,114.8332
2022-01-12,17.62,0.82,3.86,,82.51,114.355
2022-01-13,20.31,0.79,3.86,,81.97,114.177
2022-01-14,19.19,0.79,3.86,,83.82,114.3825
2022-01-17,19.19,0.79,3.86,,83.82,114.3825
2022-01-18,22.79,0.81,3.86,,85.42,114.7373
2022-01-19,23.85,0.79,3.86,,86.84,114.6109
2022-01-20,25.59,0.75,3.86,,86.29,114.4642
2022-01-21,28.85,0.74,3.86,,85.16,114.6125
2022-01-24,29.9,0.76,3.86,,84.48,115.2034
2022-01-25,31.16,0.76,3.86,,86.61,115.1654
2022-01-26,31.96,0.72,3.86,,88.33,115.0922
2022-01-27,30.49,0.63,3.86,,87.61,115.978
2022-01-28,27.66,0.63,3.86,,87.67,116.0393
2022-01-31,24.83,0.61,3.86,,89.16,115.566
2022-02-01,21.96,0.63,3.86,,88.22,115.3685
2022-02-02,22.09,0.62,3.86,,88.16,115.1538
2022-02-03,24.35,0.63,3.86,,90.17,114.9065
2022-02-04,23.22,0.62,3.86,,92.27,115.1362
2022-02-07,22.86,0.62,3.86,,91.25,115.0098
2022-02-08,21.44,0.61,3.86,,89.32,115.0892
2022-02-09,19.96,0.58,3.86,,89.57,114.8232
2022-02-10,23.91,0.42,3.86,,89.83,114.5527
2022-02-11,27.36,0.42,3.86,,93.1,114.8413
2022-02-14,28.33,0.4,3.86,,95.52,115.1946
2022-02-15,25.7,0.47,3.86,,92.07,114.93
2022-02-16,24.29,0.51,3.86,,93.83,114.6886
2022-02-17,28.11,0.48,3.86,,91.78,114.6755
2022-02-18,27.75,0.45,3.86,,91.26,114.7982
2022-02-21,27.75,0.45,3.86,,91.26,114.7982
2022-02-22,28.81,0.38,3.86,,92.11,114.7002
2022-02-23,31.02,0.41,3.86,,92.14,114.6668
2022-02-24,30.32,0.42,3.86,,92.77,115.9419
2022-02-25,27.59,0.42,3.86,,91.68,115.2577
2022-02-28,30.15,0.39,3.86,,96.13,115.2224
2022-03-01,33.32,0.41,3.86,,103.66,115.7962
2022-03-02,30.74,0.36,3.86,,110.74,115.7623
2022-03-03,30.48,0.33,3.86,,107.69,115.9495
2022-03-04,31.98,0.24,3.86,,115.77,116.6503
2022-03-07,36.45,0.23,3.86,,119.26,117.3278
2022-03-08,35.13,0.23,3.86,,123.64,117.6176
2022-03-09,32.45,0.26,3.86,,108.81,116.5961
2022-03-10,30.23,0.26,3.86,,105.93,116.7401
2022-03-11,30.75,0.25,3.86,,109.31,117.0192
2022-03-14,31.77,0.27,3.86,,103.22,117.1506
2022-03-15,29.83,0.3,3.86,,96.42,117.246
2022-03-16,26.67,0.24,3.86,,94.85,116.8073
2022-03-17,25.67,0.26,3.86,,102.97,116.0467
2022-03-18,23.87,0.17,3.86,,104.69,116.1378
2022-03-21,23.53,0.18,3.86,,112.14,115.9398
2022-03-22,22.94,0.2,3.86,,111.03,116.0824
2022-03-23,23.57,0.19,3.86,,114.89,116.005
2022-03-24,21.67,0.21,3.86,,114.2,115.9599
2022-03-25,20.81,0.18,3.86,,116.2,115.7921
2022-03-28,19.63,0.11,3.86,,107.55,116.1911
2022-03-29,18.9,0.06,3.86,,104.25,115.5679
2022-03-30,19.33,0.04,3.86,,107.81,115.0818
2022-03-31,20.56,0.04,3.86,,100.53,115.2218
2022-04-01,19.63,-0.05,3.86,,99.32,115.4814
2022-04-04,18.57,-0.01,3.86,,103.29,115.4112
2022-04-05,21.03,0.03,3.86,,101.98,115.73
2022-04-06,22.1,0.11,3.86,,96.39,115.9995
2022-04-07,21.55,0.19,3.86,,96.05,116.3512
2022-04-08,21.16,0.19,3.86,,98.35,116.4176
2022-04-11,24.37,0.29,3.86,,94.22,116.5401
2022-04-12,24.26,0.33,3.86,,100.52,116.3866
2022-04-13,21.82,0.33,3.86,,104.26,116.2796
2022-04-14,22.7,0.36,3.86,,106.84,116.7558
2022-04-15,22.7,0.36,3.86,,106.84,116.7017
2022-04-18,22.17,0.39,3.86,,108.24,116.8441
2022-04-19,21.37,0.32,3.86,,102.54,117.1324
2022-04-20,20.32,0.25,3.86,,102.56,116.7306
2022-04-21,22.68,0.22,3.86,,103.89,117.1432
2022-04-22,28.21,0.18,3.86,,102.86,118.0186
2022-04-25,27.02,0.18,3.86,,99.6,118.6271
2022-04-26,33.52,0.23,3.86,,102.62,118.9624
2022-04-27,31.6,0.24,3.86,,101.96,119.4708
2022-04-28,29.99,0.22,3.86,,105.47,120.0675
2022-04-29,33.4,0.19,3.86,,104.59,119.4933
2022-05-01,33.4,0.19,3.86,,104.59,119.4933
2022-05-02,32.34,0.26,3.86,,105.18,119.8825
2022-05-03,29.25,0.19,3.86,,102.53,119.7043
2022-05-04,25.42,0.27,3.86,,107.84,119.5592
2022-05-05,31.2,0.34,3.86,,108.17,120.0068
2022-05-06,30.19,0.4,3.86,,109.72,119.8577
2022-05-09,34.75,0.44,3.86,,103.08,120.4972
2022-05-10,32.99,0.37,3.86,,99.74,120.7742
2022-05-11,32.56,0.25,3.86,,105.5,120.3925
2022-05-12,31.77,0.28,3.86,,106.15,121.2796
2022-05-13,28.87,0.32,3.86,,110.52,120.8442
2022-05-16,27.47,0.3,3.86,,114.07,120.6881
2022-05-17,26.1,0.27,3.86,,112.31,119.8871
2022-05-18,30.96,0.21,3.86,,109.67,120.0274
2022-05-19,29.35,0.21,3.86,,112.21,119.4278
2022-05-20,29.43,0.18,3.86,,112.63,119.3677
2022-05-23,28.48,0.21,3.86,,110.32,118.7169
2022-05-24,29.45,0.26,3.86,,112.55,118.6245
2022-05-25,28.37,0.27,3.86,,112.88,118.9598
2022-05-26,27.5,0.29,3.86,,116.19,118.7687
2022-05-27,25.72,0.27,3.86,,114.96,118.2834
2022-05-30,26.54,0.27,3.86,,114.96,118.2834
2022-05-31,26.19,0.32,3.86,,114.38,118.0704
2022-06-01,25.69,0.28,3.86,,115.26,118.6954
2022-06-02,24.72,0.27,3.86,,116.88,118.0658
2022-06-03,24.79,0.3,3.86,,118.97,118.2153
2022-06-06,25.07,0.31,3.86,,118.41,118.3081
2022-06-07,24.02,0.23,3.86,,119.55,118.4414
2022-06-08,23.96,0.25,3.86,,121.94,118.3951
2022-06-09,26.09,0.21,3.86,,121.52,118.9226
2022-06-10,27.75,0.09,3.86,,120.73,119.9981
2022-06-13,34.02,0.03,3.86,,120.92,121.1523
2022-06-14,32.69,0.04,3.86,,118.92,121.6669
2022-06-15,29.62,0.13,3.86,,115.32,121.6403
2022-06-16,32.95,0.14,3.86,,117.56,120.6714
2022-06-17,31.13,0.08,3.86,,109.56,121.2369
2022-06-20,31.03,0.08,3.86,,109.56,121.2369
2022-06-21,30.19,0.1,3.86,,110.49,120.6427
2022-06-22,28.95,0.1,3.86,,106.22,120.5197
2022-06-23,29.05,0.08,3.86,,105.75,120.7622
2022-06-24,27.23,0.09,3.86,,109.07,120.4853
2022-06-27,26.95,0.12,3.86,,111.44,120.1736
2022-06-28,28.36,0.1,3.86,,113.66,120.62
2022-06-29,28.16,0.04,3.86,,111.65,120.9616
2022-06-30,28.71,0.06,3.86,,107.76,120.9652
2022-07-01,26.7,0.04,3.86,,110.3,121.5058
2022-07-04,27.53,0.04,3.86,,110.3,121.5058
2022-07-05,27.54,0.0,3.86,,101.55,122.6203
2022-07-06,26.73,-0.04,3.86,,100.31,123.0073
2022-07-07,26.08,-0.02,3.86,,104.62,122.7257
2022-07-08,24.64,-0.03,3.86,,106.78,122.4662
2022-07-11,26.17,-0.08,3.86,,106.09,123.2974
2022-07-12,27.29,-0.07,3.86,,97.69,123.4524
2022-07-13,26.82,-0.22,3.86,,98.44,123.2834
2022-07-14,26.4,-0.19,3.86,,97.79,124.0622
2022-07-15,24.23,-0.2,3.86,,99.59,123.4765
2022-07-18,25.3,-0.19,3.86,,104.48,122.7727
2022-07-19,24.5,-0.22,3.86,,106.12,122.4819
2022-07-20,23.88,-0.21,3.86,,104.45,122.5997
2022-07-21,23.11,-0.19,3.86,,98.44,122.9032
2022-07-22,23.03,-0.21,3.86,,97.71,122.451
2022-07-25,23.36,-0.19,3.86,,99.83,122.4594
2022-07-26,24.69,-0.21,3.86,,97.74,122.7581
2022-07-27,23.24,-0.18,3.86,,100.03,122.8169
2022-07-28,22.33,-0.17,3.86,,99.11,122.1161
2022-07-29,21.33,-0.22,3.86,,101.31,121.7678
2022-08-01,22.84,-0.3,3.86,,96.59,121.4109
2022-08-02,23.93,-0.31,3.86,,97.14,121.9486
2022-08-03,21.95,-0.37,3.86,,93.25,122.3888
2022-08-04,21.44,-0.35,3.86,,91.29,121.8333
2022-08-05,21.15,-0.41,3.86,,91.77,122.321
2022-08-08,21.29,-0.44,3.86,,93.52,121.8783
2022-08-09,21.77,-0.48,3.86,,93.18,121.8614
2022-08-10,19.74,-0.45,3.86,,94.68,120.7543
2022-08-11,20.2,-0.36,3.86,,97.02,120.7163
2022-08-12,19.53,-0.41,3.86,,94.86,121.018
2022-08-15,19.95,-0.41,3.86,,92.24,121.4315
2022-08-16,19.69,-0.43,3.86,,89.23,121.6807
2022-08-17,19.9,-0.39,3.86,,90.85,122.0711
2022-08-18,19.56,-0.34,3.86,,93.2,122.3627
2022-08-19,20.6,-0.27,3.86,,93.55,123.0501
2022-08-22,23.8,-0.29,3.86,,93.42,123.605
2022-08-23,24.11,-0.24,3.86,,96.46,123.0547
2022-08-24,22.82,-0.25,3.86,,95.52,123.109
2022-08-25,21.78,-0.32,3.86,,93.33,123.0586
2022-08-26,25.56,-0.33,3.86,,93.63,123.0656
2022-08-29,26.21,-0.3,3.86,,97.4,123.4686
2022-08-30,26.21,-0.35,3.86,,92.08,123.6848
2022-08-31,25.87,-0.3,3.86,,90.09,123.535
2022-09-01,25.56,-0.25,3.86,,87.09,124.4006
2022-09-02,25.47,-0.2,3.86,,87.29,123.7743
2022-09-05,25.99,-0.2,3.86,,87.29,123.7743
2022-09-06,26.91,-0.17,3.86,,87.35,124.767
2022-09-07,24.64,-0.18,3.86,,82.5,124.8408
2022-09-08,23.61,-0.19,3.86,,84.04,124.578
2022-09-09,22.79,-0.23,3.86,,87.27,123.7874
2022-09-12,23.87,-0.21,3.86,,88.18,123.3332
2022-09-13,27.27,-0.33,3.86,,87.84,124.4242
2022-09-14,26.16,-0.37,3.86,,88.88,124.4509
2022-09-15,26.27,-0.42,3.86,,85.72,124.8843
2022-09-16,26.3,-0.4,3.86,,85.57,124.8794
2022-09-19,25.76,-0.46,3.86,,86.15,125.0104
2022-09-20,27.16,-0.39,3.86,,84.69,125.1248
2022-09-21,27.99,-0.51,3.86,,83.38,125.7399
2022-09-22,27.35,-0.41,3.86,,84.02,126.1667
2022-09-23,29.92,-0.51,3.86,,79.07,127.2853
2022-09-26,32.26,-0.39,3.86,,77.17,128.4539
2022-09-27,32.6,-0.33,3.86,,78.91,128.4386
2022-09-28,30.18,-0.35,3.86,,82.61,128.0884
2022-09-29,31.84,-0.4,3.86,,81.78,127.5437
2022-09-30,31.62,-0.39,3.86,,79.91,127.5148
2022-10-01,31.62,-0.39,3.86,,79.91,127.5148
2022-10-03,30.1,-0.45,3.86,,84.05,127.0813
2022-10-04,29.07,-0.48,3.86,,86.87,126.1819
2022-10-05,28.55,-0.39,3.86,,88.22,126.8616
2022-10-06,30.52,-0.4,3.86,,88.9,127.2493
2022-10-07,31.36,-0.41,3.86,,93.07,127.3111
2022-10-10,32.45,-0.41,3.86,,91.6,127.3111
2022-10-11,33.63,-0.37,3.86,,89.75,127.6641
2022-10-12,33.57,-0.37,3.86,,87.83,128.1481
2022-10-13,31.94,-0.5,3.86,,89.59,127.7286
2022-10-14,32.02,-0.48,3.86,,86.1,128.3325
2022-10-17,31.37,-0.43,3.86,,86.0,127.6448
2022-10-18,30.5,-0.42,3.86,,83.29,127.9153
2022-10-19,30.76,-0.41,3.86,,86.0,128.3968
2022-10-20,29.98,-0.38,3.86,,86.02,128.0052
2022-10-21,29.69,-0.28,3.86,,85.47,127.6735
2022-10-24,29.85,-0.25,3.86,,86.12,128.0304
2022-10-25,28.46,-0.32,3.86,,86.93,127.3771
2022-10-26,27.28,-0.35,3.86,,89.39,126.4723
2022-10-27,27.39,-0.34,3.86,,89.06,126.7028
2022-10-28,25.75,-0.39,3.86,,87.85,127.2135
2022-10-31,25.88,-0.41,3.86,,86.54,127.6219
2022-11-01,25.81,-0.47,3.86,,88.36,127.3987
2022-11-02,25.86,-0.51,3.86,,90.06,127.3115
2022-11-03,25.3,-0.57,3.86,,88.14,128.1743
2022-11-04,24.55,-0.49,3.86,,92.58,127.1468
2022-11-07,24.35,-0.5,3.86,,91.8,126.3062
2022-11-08,25.54,-0.53,3.86,,88.8,125.633
2022-11-09,26.09,-0.49,3.86,,85.79,125.9861
2022-11-10,23.53,-0.52,3.86,,86.52,124.7044
2022-11-11,22.52,-0.52,3.86,,89.14,124.7044
2022-11-14,23.73,-0.52,3.86,,85.85,123.4277
2022-11-15,24.54,-0.57,3.86,,86.87,123.039
2022-11-16,24.11,-0.68,3.86,,85.62,123.2817
2022-11-17,23.93,-0.66,3.86,,81.69,123.977
2022-11-18,23.12,-0.69,3.86,,80.07,123.8524
2022-11-21,22.36,-0.65,3.86,,79.74,124.7009
2022-11-22,21.29,-0.71,3.86,,80.83,124.2365
2022-11-23,20.35,-0.75,3.86,,77.93,123.7574
2022-11-24,20.42,-0.75,3.86,,77.93,123.7574
2022-11-25,20.5,-0.74,3.86,,76.45,123.3386
2022-11-28,22.21,-0.77,3.86,,77.1,123.6032
2022-11-29,21.89,-0.73,3.86,,77.96,123.6615
2022-11-30,20.58,-0.7,3.86,,80.48,123.5175
2022-12-01,19.84,-0.72,3.86,,81.06,122.0045
2022-12-02,19.06,-0.77,3.86,,79.86,122.0102
2022-12-05,20.75,-0.81,3.86,,76.83,122.6384
2022-12-06,22.17,-0.83,3.86,,74.21,123.0191
2022-12-07,22.68,-0.84,3.86,,71.93,122.7608
2022-12-08,22.29,-0.83,3.86,,71.3,122.4152
2022-12-09,22.83,-0.76,3.86,,71.05,122.4201
2022-12-12,25.0,-0.78,3.86,,72.96,122.7714
2022-12-13,22.55,-0.71,3.86,,75.44,121.8493
2022-12-14,21.14,-0.74,3.86,,77.14,121.8226
2022-12-15,22.83,-0.79,3.86,,75.89,122.5519
2022-12-16,22.62,-0.69,3.86,,74.19,122.6505
2022-12-19,22.42,-0.68,3.86,,75.05,122.5275
2022-12-20,21.48,-0.56,3.86,,75.92,122.1357
2022-12-21,20.07,-0.53,3.86,,78.17,122.2828
2022-12-22,21.97,-0.57,3.86,,77.68,122.2419
2022-12-23,20.87,-0.56,3.86,,79.57,121.9743
2022-12-26,20.87,-0.56,3.86,,79.57,121.9743
2022-12-27,21.65,-0.48,3.86,,79.45,121.7539
2022-12-28,22.14,-0.43,3.86,,78.89,122.0075
2022-12-29,21.44,-0.51,3.86,,78.43,121.6577
2022-12-30,21.67,-0.53,3.86,,80.16,121.4256
2023-01-01,21.67,-0.53,3.86,,80.16,121.4256
2023-01-02,21.67,-0.53,3.86,,80.16,121.4256
2023-01-03,22.9,-0.61,3.86,,76.87,122.0905
2023-01-04,22.01,-0.67,3.86,,72.82,121.5008
2023-01-05,22.46,-0.74,3.86,,73.61,122.1017
2023-01-06,21.13,-0.69,3.86,,73.77,121.0852
2023-01-09,21.97,-0.66,3.86,,74.69,120.1508
2023-01-10,20.58,-0.63,3.86,,75.11,120.2483
2023-01-11,21.09,-0.66,3.86,,77.46,120.1614
2023-01-12,18.83,-0.69,3.86,,78.32,119.4218
2023-01-13,18.35,-0.73,3.86,,79.9,119.1673
2023-01-16,19.49,-0.73,3.86,,79.9,119.1673
2023-01-17,19.36,-0.65,3.86,,80.25,119.2121
2023-01-18,20.34,-0.69,3.86,,79.53,119.0755
2023-01-19,20.52,-0.7,3.86,,80.31,119.6107
2023-01-20,19.85,-0.66,3.86,,81.27,119.3486
2023-01-23,19.81,-0.69,3.86,,81.62,119.1434
2023-01-24,19.2,-0.66,3.86,,79.86,119.0958
2023-01-25,19.08,-0.65,3.86,,79.78,118.9686
2023-01-26,18.73,-0.68,3.86,,80.64,119.021
2023-01-27,18.51,-0.67,3.86,,79.73,118.9223
2023-01-30,19.94,-0.7,3.86,,77.97,118.8953
2023-01-31,19.4,-0.69,3.86,,78.95,118.9802
2023-02-01,17.87,-0.7,3.86,,76.34,118.6259
2023-02-02,18.73,-0.69,3.86,,75.87,118.3421
2023-02-03,18.33,-0.77,3.86,,73.4,119.5095
2023-02-06,19.43,-0.81,3.86,,74.11,120.541
2023-02-07,18.66,-0.8,3.86,,77.17,120.3475
2023-02-08,19.63,-0.82,3.86,,78.47,120.1436
2023-02-09,20.71,-0.81,3.86,,78.04,119.9781
2023-02-10,20.53,-0.76,3.86,,79.74,120.1419
2023-02-13,20.34,-0.8,3.86,,80.14,119.9828
2023-02-14,18.91,-0.83,3.86,,79.08,119.9229
2023-02-15,18.23,-0.81,3.86,,78.57,120.4557
2023-02-16,20.17,-0.76,3.86,,78.45,120.4651
2023-02-17,20.02,-0.78,3.86,,76.31,120.5526
2023-02-20,21.23,-0.78,3.86,,76.31,120.5526
2023-02-21,22.87,-0.72,3.86,,76.28,120.6256
2023-02-22,22.29,-0.73,3.86,,73.95,120.8389
2023-02-23,21.14,-0.78,3.86,,75.26,121.0896
2023-02-24,21.67,-0.83,3.86,,76.19,121.5681
2023-02-27,20.95,-0.86,3.86,,75.57,121.3941
2023-02-28,20.7,-0.89,3.86,,76.88,121.3341
2023-03-01,20.58,-0.88,3.86,,77.57,120.6347
2023-03-02,19.59,-0.81,3.86,,78.05,121.1302
2023-03-03,18.49,-0.89,3.86,,79.62,120.7742
2023-03-06,18.61,-0.91,3.86,,80.39,120.485
2023-03-07,19.59,-1.03,3.86,,77.45,121.4623
2023-03-08,19.11,-1.07,3.86,,76.56,121.4511
2023-03-09,22.61,-0.97,3.86,,75.6,121.4458
2023-03-10,24.8,-0.9,3.86,,76.55,121.2421
2023-03-13,26.52,-0.48,3.86,,74.68,120.8897
2023-03-14,23.73,-0.56,3.86,,71.18,121.0141
2023-03-15,26.14,-0.42,3.86,,67.38,122.1079
2023-03-16,22.99,-0.58,3.86,,68.15,121.7221
2023-03-17,25.51,-0.42,3.86,,66.61,121.5643
2023-03-20,24.15,-0.45,3.86,,67.56,121.0141
2023-03-21,21.38,-0.58,3.86,,69.4,120.8958
2023-03-22,22.26,-0.48,3.86,,70.71,120.6217
2023-03-23,22.61,-0.38,3.86,,69.77,119.7587
2023-03-24,21.74,-0.38,3.86,,69.22,120.4598
2023-03-27,20.6,-0.41,3.86,,72.87,120.2541
2023-03-28,19.97,-0.47,3.86,,73.12,119.7138
2023-03-29,19.12,-0.51,3.86,,72.95,119.7258
2023-03-30,19.02,-0.55,3.86,,74.32,119.4078
2023-03-31,18.7,-0.58,3.86,,75.68,119.3602
2023-04-01,18.7,-0.58,3.86,,75.68,119.3602
2023-04-03,18.55,-0.54,3.86,,80.4,119.3204
2023-04-04,19.0,-0.49,3.86,,80.7,119.142
2023-04-05,19.08,-0.49,3.86,,80.69,119.2953
2023-04-06,18.4,-0.52,3.86,,80.7,119.3072
2023-04-07,18.4,-0.58,3.86,,80.7,119.3547
2023-04-10,18.97,-0.59,3.86,,79.79,119.7948
2023-04-11,19.1,-0.6,3.86,,81.54,119.5248
2023-04-12,19.09,-0.54,3.86,,83.26,119.003
2023-04-13,17.8,-0.51,3.86,,82.16,118.3915
2023-04-14,17.07,-0.56,3.86,,82.58,118.8567
2023-04-17,16.95,-0.58,3.86,,80.93,119.2787
2023-04-18,16.83,-0.61,3.86,,80.85,119.1049
2023-04-19,16.46,-0.64,3.86,,79.18,119.303
2023-04-20,17.17,-0.6,3.86,,77.27,119.1199
2023-04-21,16.77,-0.6,3.86,,77.86,119.3117
2023-04-24,16.89,-0.6,3.86,,78.64,119.2039
2023-04-25,18.76,-0.46,3.86,,77.05,119.613
2023-04-26,18.84,-0.47,3.86,,74.33,119.3228
2023-04-27,17.03,-0.54,3.86,,74.77,119.4298
2023-04-28,15.78,-0.6,3.86,,76.78,119.2248
2023-05-01,16.08,-0.55,3.86,,75.65,119.4435
2023-05-02,17.78,-0.53,3.86,,71.71,119.6105
2023-05-03,18.34,-0.51,3.86,,68.62,119.1233
2023-05-04,20.09,-0.38,3.86,,68.52,119.0465
2023-05-05,17.19,-0.48,3.86,,71.32,118.5548
2023-05-08,16.98,-0.48,3.86,,73.13,118.5759
2023-05-09,17.71,-0.48,3.86,,73.68,118.8239
2023-05-10,16.94,-0.47,3.86,,72.53,118.5864
2023-05-11,16.93,-0.5,3.86,,70.81,119.0303
2023-05-12,17.03,-0.52,3.86,,70.02,119.3671
2023-05-15,17.12,-0.49,3.86,,71.07,119.1608
2023-05-16,17.99,-0.52,3.86,,70.85,119.1743
2023-05-17,16.87,-0.55,3.86,,72.78,119.607
2023-05-18,16.05,-0.59,3.86,,71.82,120.0886
2023-05-19,16.81,-0.58,3.86,,71.57,119.7751
2023-05-22,17.21,-0.57,3.86,,71.81,120.0875
2023-05-23,18.53,-0.56,3.86,,72.87,120.3204
2023-05-24,20.03,-0.58,3.86,,74.37,120.4752
2023-05-25,19.14,-0.67,3.86,,71.68,120.8413
2023-05-26,17.95,-0.74,3.86,,72.35,120.6304
2023-05-29,17.46,-0.74,3.86,,72.35,120.6304
2023-05-30,17.46,-0.77,3.86,,69.45,120.5546
2023-05-31,17.94,-0.76,3.86,,68.11,120.9662
2023-06-01,15.65,-0.72,3.86,,70.09,120.0491
2023-06-02,14.6,-0.81,3.86,,71.76,120.0049
2023-06-05,14.73,-0.77,3.86,,72.14,120.0048
2023-06-06,13.96,-0.81,3.86,,71.71,119.9718
2023-06-07,13.94,-0.77,3.86,,72.52,119.859
2023-06-08,13.65,-0.79,3.86,,71.28,119.5712
2023-06-09,13.83,-0.84,3.86,,70.16,119.4322
2023-06-12,15.01,-0.82,3.86,,67.08,119.6376
2023-06-13,14.61,-0.83,3.86,,69.39,119.1899
2023-06-14,13.88,-0.91,3.86,,68.22,118.776
2023-06-15,14.5,-0.9,3.86,,70.61,118.5521
2023-06-16,13.54,-0.93,3.86,,71.81,118.4184
2023-06-19,14.19,-0.93,3.86,,71.81,118.4184
2023-06-20,13.88,-0.94,3.86,,70.94,118.938
2023-06-21,13.2,-0.96,3.86,,72.55,118.727
2023-06-22,12.91,-0.97,3.86,,69.22,118.7552
2023-06-23,13.44,-0.97,3.86,,68.91,119.152
2023-06-26,14.25,-0.93,3.86,,69.09,119.0761
2023-06-27,13.74,-0.97,3.86,,67.68,118.8949
2023-06-28,13.43,-1.0,3.86,,69.54,119.3382
2023-06-29,13.54,-1.02,3.86,,69.85,119.527
2023-06-30,13.59,-1.06,3.86,,70.66,119.3606
2023-07-01,13.59,-1.06,3.86,,70.66,119.3606
2023-07-03,13.57,-1.08,3.86,,69.71,119.2119
2023-07-04,13.7,-1.08,3.86,,69.71,119.2119
2023-07-05,14.18,-0.99,3.86,,71.78,119.3483
2023-07-06,15.44,-0.94,3.86,,71.76,119.8193
2023-07-07,14.83,-0.88,3.86,,73.91,119.0761
2023-07-10,15.07,-0.84,3.86,,73.05,118.9548
2023-07-11,14.84,-0.89,3.86,,74.87,118.7344
2023-07-12,13.54,-0.86,3.86,,75.77,117.6385
2023-07-13,13.61,-0.83,3.86,,76.86,117.1831
2023-07-14,13.34,-0.91,3.86,,75.44,117.0463
2023-07-17,13.48,-0.93,3.86,,74.17,117.1267
2023-07-18,13.3,-0.94,3.86,,75.76,117.0264
2023-07-19,13.76,-0.99,3.86,,75.4,117.3462
2023-07-20,13.99,-0.95,3.86,,75.65,117.5947
2023-07-21,13.6,-0.98,3.86,,77.06,117.9418
2023-07-24,13.91,-0.95,3.86,,78.81,117.8124
2023-07-25,13.86,-0.94,3.86,,79.76,117.8565
2023-07-26,13.19,-0.96,3.86,,79.11,117.76
2023-07-27,14.41,-0.9,3.86,,80.17,117.8938
2023-07-28,13.33,-0.91,3.86,,80.55,117.788
2023-07-31,13.63,-0.91,3.86,,81.8,117.8241
2023-08-01,13.93,-0.87,3.86,,81.37,118.5738
2023-08-02,16.09,-0.8,3.86,,79.5,119.1268
2023-08-03,15.92,-0.7,3.86,,81.56,119.3963
2023-08-04,17.1,-0.73,3.86,,82.76,118.821
2023-08-07,15.77,-0.67,3.86,,81.94,119.0809
2023-08-08,15.99,-0.72,3.86,,82.94,119.6407
2023-08-09,15.96,-0.79,3.86,,84.35,119.476
2023-08-10,15.85,-0.73,3.86,,82.81,119.1581
2023-08-11,14.84,-0.73,3.86,,83.17,119.6268
2023-08-14,14.82,-0.77,3.86,,82.5,120.0725
2023-08-15,16.46,-0.71,3.86,,81.06,120.2127
2023-08-16,16.78,-0.69,3.86,,79.4,120.3551
2023-08-17,17.89,-0.64,3.86,,80.43,120.5242
2023-08-18,17.3,-0.66,3.86,,81.25,120.4321
2023-08-21,17.13,-0.63,3.86,,80.71,120.4627
2023-08-22,16.97,-0.68,3.86,,80.25,120.3554
2023-08-23,15.98,-0.76,3.86,,78.91,120.0307
2023-08-24,17.2,-0.75,3.86,,79.52,120.2354
2023-08-25,15.68,-0.78,3.86,,80.47,120.5137
2023-08-28,15.08,-0.78,3.86,,80.65,120.3155
2023-08-29,14.45,-0.75,3.87,,81.14,120.2669
2023-08-30,13.88,-0.78,3.8,,81.64,119.7937
2023-08-31,13.57,-0.76,3.85,,83.55,120.225
2023-09-01,13.09,-0.69,3.81,,85.52,120.759
2023-09-04,13.82,-0.69,3.81,,85.52,120.759
2023-09-05,14.01,-0.67,3.83,,86.74,121.4345
2023-09-06,14.45,-0.71,3.86,,87.55,121.8671
2023-09-07,14.4,-0.67,3.9,,86.87,121.9528
2023-09-08,13.84,-0.72,3.85,,87.51,121.9475
2023-09-11,13.8,-0.68,3.82,,87.3,121.3386
2023-09-12,14.23,-0.71,3.84,,88.87,121.2913
2023-09-13,13.48,-0.71,3.85,,88.59,121.0549
2023-09-14,12.82,-0.71,3.78,,90.13,121.2395
2023-09-15,13.79,-0.69,3.79,,90.83,121.199
2023-09-18,14.0,-0.73,3.82,,91.47,121.1938
2023-09-19,14.11,-0.71,3.82,,91.16,121.1645
2023-09-20,15.14,-0.77,3.77,,89.2,120.9648
2023-09-21,17.54,-0.63,3.89,,89.56,121.5528
2023-09-22,17.2,-0.66,3.93,,90.0,121.5306
2023-09-25,16.9,-0.54,3.97,,89.68,122.1143
2023-09-26,18.94,-0.48,4.04,,91.43,122.4742
2023-09-27,18.22,-0.49,4.03,,93.67,122.9895
2023-09-28,17.34,-0.45,4.09,,91.65,122.5342
2023-09-29,17.52,-0.44,4.03,,90.77,122.3077
2023-09-30,17.52,-0.44,4.03,,90.77,122.3077
2023-10-01,17.52,-0.44,4.03,,90.77,122.3077
2023-10-02,17.61,-0.43,4.11,,88.81,123.0545
2023-10-03,19.78,-0.34,4.26,,89.26,123.7848
2023-10-04,18.58,-0.32,4.37,,84.32,123.5946
2023-10-05,18.49,-0.31,4.38,,82.3,123.8993
2023-10-06,17.45,-0.3,4.33,,82.83,123.3563
2023-10-09,17.7,-0.3,4.34,,82.83,123.3563
2023-10-10,17.03,-0.3,4.26,,85.89,122.9282
2023-10-11,16.09,-0.41,4.25,,83.7,122.7697
2023-10-12,16.69,-0.36,4.25,,82.87,123.2101
2023-10-13,19.32,-0.41,4.3,,87.67,123.5954
2023-10-16,17.21,-0.38,4.27,,86.65,123.3185
2023-10-17,17.88,-0.36,4.25,,86.66,123.1202
2023-10-18,19.22,-0.28,4.32,,88.35,123.8148
2023-10-19,21.4,-0.16,4.37,,89.35,123.798
2023-10-20,21.71,-0.14,4.52,,89.12,123.612
2023-10-23,20.37,-0.19,4.51,,85.49,123.2846
2023-10-24,18.97,-0.19,4.41,,84.58,123.6416
2023-10-25,20.19,-0.13,4.37,,86.07,123.7871
2023-10-26,20.68,-0.16,4.5,,83.8,124.0064
2023-10-27,21.27,-0.15,4.53,,86.04,123.62
2023-10-30,19.75,-0.15,4.5,,83.03,123.4076
2023-10-31,18.14,-0.19,4.42,,81.64,123.8364
2023-11-01,16.87,-0.18,4.47,,81.05,123.7922
2023-11-02,15.66,-0.31,4.15,,83.04,122.8818
2023-11-03,14.91,-0.26,4.04,,81.19,121.7564
2023-11-06,14.89,-0.26,4.0,,81.54,121.6484
2023-11-07,14.81,-0.33,4.08,,77.96,122.0777
2023-11-08,14.45,-0.44,4.08,,75.85,122.0926
2023-11-09,15.29,-0.41,4.04,,76.34,122.1281
2023-11-10,14.17,-0.43,4.03,,76.34,122.1281
2023-11-13,14.76,-0.39,4.03,,78.86,122.4264
2023-11-14,14.16,-0.36,3.92,,78.9,121.35
2023-11-15,14.18,-0.37,3.89,,77.15,121.0749
2023-11-16,14.32,-0.38,4.02,,73.5,121.1754
2023-11-17,13.8,-0.44,3.99,,76.47,120.8477
2023-11-20,13.41,-0.47,3.92,,78.1,120.2533
2023-11-21,13.35,-0.45,3.95,,78.35,120.2241
2023-11-22,12.85,-0.47,3.9,,76.8,120.6802
2023-11-23,12.8,-0.47,3.9,,76.8,120.6802
2023-11-24,12.46,-0.45,3.85,,74.83,120.2105
2023-11-27,12.69,-0.45,3.89,,74.46,120.173
2023-11-28,12.69,-0.39,3.9,,76.09,119.5904
2023-11-29,12.98,-0.37,3.8,,77.56,119.8159
2023-11-30,12.92,-0.36,3.84,,75.66,120.2434
2023-12-01,12.63,-0.34,3.87,,73.7,119.9424
2023-12-04,13.08,-0.36,3.8,,72.73,120.4727
2023-12-05,12.85,-0.39,3.8,,71.95,120.7913
2023-12-06,12.97,-0.48,3.79,,68.98,120.5334
2023-12-07,13.06,-0.44,3.77,,69.0,120.6013
2023-12-08,12.35,-0.48,3.75,,70.87,120.7607
2023-12-11,12.63,-0.48,3.79,,70.95,120.9279
2023-12-12,12.07,-0.53,3.76,,68.27,120.6817
2023-12-13,12.19,-0.42,3.79,,69.09,121.1571
2023-12-14,12.48,-0.45,3.47,,71.21,119.5683
2023-12-15,12.28,-0.53,3.51,,71.05,119.7382
2023-12-18,12.56,-0.48,3.51,,72.16,119.9102
2023-12-19,12.53,-0.48,3.46,,73.23,119.4632
2023-12-20,13.67,-0.48,3.43,,73.87,119.5435
2023-12-21,13.65,-0.44,3.41,,73.59,119.3168
2023-12-22,13.03,-0.41,3.39,,73.29,119.0625
2023-12-25,13.03,-0.41,3.39,,73.29,119.0625
2023-12-26,12.99,-0.37,3.37,,75.84,118.8875
2023-12-27,12.43,-0.41,3.34,,74.31,118.4729
2023-12-28,12.47,-0.42,3.32,,72.02,118.4104
2023-12-29,12.45,-0.35,3.34,,71.89,118.4208
2023-12-31,12.45,-0.35,3.39,,71.89,118.4208
2024-01-01,12.45,-0.35,3.39,,71.89,118.4208
2024-01-02,13.2,-0.38,3.54,,70.62,119.2686
2024-01-03,14.04,-0.42,3.71,,72.97,119.6958
2024-01-04,14.13,-0.39,3.69,,72.38,119.6208
2024-01-05,13.35,-0.35,3.68,,74.0,119.388
2024-01-08,13.08,-0.35,3.63,,71.06,119.2506
2024-01-09,12.76,-0.34,3.59,,72.43,119.6666
2024-01-10,12.69,-0.33,3.5,,71.57,119.7614
2024-01-11,12.44,-0.28,3.55,,72.15,119.8916
2024-01-12,12.7,-0.18,3.56,,72.94,119.534
2024-01-15,13.25,-0.18,3.54,,72.94,119.534
2024-01-16,13.84,-0.15,3.58,,72.63,120.5759
2024-01-17,14.79,-0.24,3.62,,72.79,121.0402
2024-01-18,14.13,-0.2,3.58,,74.32,120.8895
2024-01-19,13.3,-0.24,3.54,,73.69,120.6442
2024-01-22,13.19,-0.26,3.49,,75.26,120.6178
2024-01-23,12.55,-0.17,3.51,,74.72,121.1001
2024-01-24,13.14,-0.16,3.44,,75.48,120.4916
2024-01-25,13.45,-0.14,3.45,,77.91,120.8311
2024-01-26,13.26,-0.19,3.39,,78.45,120.6173
2024-01-29,13.6,-0.21,3.41,,77.25,120.8538
2024-01-30,13.31,-0.3,3.42,,78.3,120.6025
2024-01-31,14.35,-0.28,3.59,,76.28,120.4331
2024-02-01,13.88,-0.33,3.56,,74.36,120.3335
2024-02-02,13.85,-0.33,3.47,,72.72,120.902
2024-02-05,13.67,-0.29,3.5,,73.21,121.349
2024-02-06,13.06,-0.3,3.52,,73.83,120.9588
2024-02-07,12.83,-0.32,3.43,,74.26,120.9049
2024-02-08,12.79,-0.31,3.38,,76.67,121.0798
2024-02-09,12.93,-0.31,3.33,,77.26,121.039
2024-02-12,13.93,-0.29,3.35,,77.34,120.9378
2024-02-13,15.85,-0.33,3.36,,78.28,121.5202
2024-02-14,14.38,-0.29,3.38,,77.09,121.4002
2024-02-15,14.01,-0.32,3.35,,78.47,121.2121
2024-02-16,14.24,-0.34,3.34,,79.65,121.1505
2024-02-19,14.71,-0.34,3.34,,79.65,121.1505
2024-02-20,15.42,-0.32,3.37,,78.72,121.0199
2024-02-21,15.34,-0.32,3.34,,78.89,121.0379
2024-02-22,14.54,-0.36,3.22,,79.64,121.102
2024-02-23,13.75,-0.41,3.23,,77.6,121.0369
2024-02-26,13.74,-0.41,3.23,,78.53,121.0592
2024-02-27,13.43,-0.39,3.26,,79.8,120.9647
2024-02-28,13.84,-0.37,3.31,,79.44,121.128
2024-02-29,13.4,-0.39,3.29,,79.22,121.1824
2024-03-01,13.11,-0.35,3.32,,80.9,121.0111
2024-03-04,13.49,-0.39,3.26,,79.67,120.872
2024-03-05,14.46,-0.41,3.31,,79.11,120.8846
2024-03-06,14.5,-0.44,3.27,,80.08,120.4649
2024-03-07,14.44,-0.41,3.27,,79.81,120.1909
2024-03-08,14.74,-0.39,3.26,,78.96,119.975
2024-03-11,15.22,-0.41,3.26,,78.87,120.0394
2024-03-12,13.84,-0.42,3.2,,78.51,120.1668
2024-03-13,13.75,-0.42,3.15,,80.67,119.9642
2024-03-14,14.4,-0.39,3.15,,82.16,120.241
2024-03-15,14.41,-0.41,3.16,,81.94,120.4003
2024-03-18,14.33,-0.39,3.13,,83.68,120.5752
2024-03-19,13.82,-0.38,3.1,,84.39,120.9332
2024-03-20,13.04,-0.32,3.14,,82.79,120.9289
2024-03-21,12.92,-0.35,3.05,,81.99,120.8086
2024-03-22,13.06,-0.37,3.08,,81.1,121.1842
2024-03-25,13.19,-0.29,3.11,,82.41,121.0295
2024-03-26,13.24,-0.32,3.15,,82.41,121.0742
2024-03-27,12.78,-0.34,3.15,,82.15,121.0089
2024-03-28,13.01,-0.39,3.12,,83.96,121.0635
2024-03-29,13.01,-0.39,3.12,,83.96,121.0191
2024-03-31,13.01,-0.39,3.15,,83.96,121.0191
2024-04-01,13.65,-0.39,3.12,,84.54,121.5151
2024-04-02,14.61,-0.34,3.23,,85.95,121.3035
2024-04-03,14.33,-0.32,3.23,,86.22,121.0198
2024-04-04,16.35,-0.34,3.24,,87.37,120.7613
2024-04-05,16.03,-0.34,3.18,,87.69,120.9646
2024-04-08,15.19,-0.36,3.15,,87.24,120.7359
2024-04-09,14.98,-0.38,3.14,,86.04,120.7048
2024-04-10,15.8,-0.42,3.1,,86.98,121.5727
2024-04-11,14.91,-0.37,3.16,,85.79,121.6081
2024-04-12,17.31,-0.38,3.25,,86.46,122.2885
2024-04-15,19.23,-0.3,3.28,,86.21,122.425
2024-04-16,18.4,-0.3,3.36,,86.15,123.1234
2024-04-17,18.21,-0.34,3.42,,83.58,123.0207
2024-04-18,18.0,-0.34,3.39,,83.5,123.0017
2024-04-19,18.71,-0.35,3.37,,83.79,123.1075
2024-04-22,16.94,-0.35,3.29,,83.82,123.0609
2024-04-23,15.69,-0.25,3.2,,84.17,122.7227
2024-04-24,15.97,-0.24,3.19,,84.09,122.89
2024-04-25,15.37,-0.26,3.24,,84.92,122.8384
2024-04-26,15.03,-0.29,3.16,,85.38,122.9471
2024-04-29,14.67,-0.34,3.12,,84.26,122.5449
2024-04-30,15.65,-0.35,3.18,,83.49,122.9853
2024-05-01,15.39,-0.33,3.21,,80.7,123.0168
2024-05-02,14.68,-0.29,3.16,,80.59,122.4384
2024-05-03,13.49,-0.31,3.08,,79.65,122.1375
2024-05-06,13.49,-0.33,3.03,,80.1,121.8913
2024-05-07,13.23,-0.35,3.06,,79.97,122.093
2024-05-08,13.0,-0.36,3.1,,80.57,122.1926
2024-05-09,12.69,-0.35,3.14,,80.86,122.1634
2024-05-10,12.55,-0.37,3.12,,79.81,122.014
2024-05-13,13.6,-0.37,3.14,,80.71,122.0261
2024-05-14,13.42,-0.36,3.14,,79.62,121.9256
2024-05-15,12.45,-0.37,3.13,,80.23,121.3543
2024-05-16,12.42,-0.4,3.08,,80.85,121.2236
2024-05-17,11.99,-0.41,3.09,,81.66,121.2354
2024-05-20,12.15,-0.38,3.07,,81.39,121.2289
2024-05-21,11.86,-0.41,3.07,,80.66,121.3793
2024-05-22,12.29,-0.43,3.11,,79.15,121.5462
2024-05-23,12.77,-0.44,3.1,,77.47,121.7477
2024-05-24,11.93,-0.47,3.11,,78.48,121.6172
2024-05-27,12.36,-0.47,3.12,,78.48,121.6172
2024-05-28,12.92,-0.4,3.09,,80.9,121.43
2024-05-29,14.28,-0.35,3.15,,80.24,122.1641
2024-05-30,14.47,-0.37,3.19,,78.96,121.9601
2024-05-31,12.92,-0.38,3.2,,77.97,122.098
2024-06-01,12.92,-0.38,3.2,,77.97,122.098
2024-06-03,13.11,-0.41,3.17,,75.26,122.3509
2024-06-04,13.16,-0.44,3.22,,74.27,122.7256
2024-06-05,12.63,-0.43,3.2,,75.08,122.5339
2024-06-06,12.58,-0.44,3.2,,76.52,122.3713
2024-06-07,12.22,-0.44,3.15,,76.53,123.549
2024-06-10,12.74,-0.4,3.15,,78.75,123.9125
2024-06-11,12.85,-0.42,3.19,,78.88,124.0349
2024-06-12,12.04,-0.44,3.09,,79.56,123.8295
2024-06-13,11.94,-0.44,3.2,,79.61,124.0235
2024-06-14,12.66,-0.47,3.29,,79.41,124.1694
2024-06-17,12.75,-0.47,3.26,,81.33,124.239
2024-06-18,12.3,-0.47,3.24,,82.67,123.9776
2024-06-19,12.48,-0.47,3.24,,82.67,123.9776
2024-06-20,13.28,-0.45,3.23,,83.34,124.192
2024-06-21,13.2,-0.45,3.21,,81.71,124.1086
2024-06-24,13.33,-0.46,3.19,,82.63,123.7125
2024-06-25,12.84,-0.42,3.19,,81.97,123.9417
2024-06-26,12.55,-0.39,3.18,,82.19,124.26
2024-06-27,12.24,-0.41,3.21,,83.04,124.3379
2024-06-28,12.44,-0.35,3.18,,82.83,124.2103
2024-06-30,12.44,-0.35,3.21,,82.83,124.2103
2024-07-01,12.22,-0.29,3.21,,84.7,124.4667
2024-07-02,12.03,-0.31,3.23,,84.09,124.2917
2024-07-03,12.09,-0.35,3.25,,85.19,123.7768
2024-07-04,12.26,-0.35,3.25,,85.19,123.7768
2024-07-05,12.48,-0.32,3.27,,84.44,123.4762
2024-07-08,12.37,-0.34,3.2,,83.63,123.3576
2024-07-09,12.51,-0.32,3.21,,82.78,123.4071
2024-07-10,12.85,-0.34,3.17,,83.39,123.1895
2024-07-11,12.92,-0.3,3.18,,83.92,122.769
2024-07-12,12.46,-0.27,3.19,,83.49,122.4404
2024-07-15,13.12,-0.21,3.13,,83.22,122.6347
2024-07-16,13.19,-0.26,3.08,,81.92,122.7264
2024-07-17,14.48,-0.26,3.09,,84.16,122.518
2024-07-18,15.93,-0.26,3.09,,84.17,122.7909
2024-07-19,16.52,-0.24,3.09,,81.43,123.147
2024-07-22,14.91,-0.24,3.05,,81.25,123.2172
2024-07-23,14.72,-0.15,3.02,,78.24,123.3843
2024-07-24,18.04,-0.09,3.1,,78.78,123.5575
2024-07-25,18.46,-0.14,3.08,,79.43,123.5286
2024-07-26,16.39,-0.16,3.1,,78.58,123.672
2024-07-29,16.6,-0.19,3.13,,77.27,124.1392
2024-07-30,17.69,-0.2,3.2,,76.17,124.2855
2024-07-31,16.36,-0.2,3.25,,79.36,123.6373
2024-08-01,18.59,-0.17,3.35,,77.74,123.8693
2024-08-02,23.39,-0.08,3.72,,74.99,123.4681
2024-08-05,38.57,-0.11,3.93,,74.46,123.5787
2024-08-06,27.71,-0.09,3.67,,74.6,123.6532
2024-08-07,27.85,-0.04,3.57,,76.68,123.5698
2024-08-08,23.79,-0.05,3.48,,77.64,123.4466
2024-08-09,20.37,-0.11,3.49,,78.28,122.9276
2024-08-12,20.71,-0.11,3.52,,81.45,123.2204
2024-08-13,18.12,-0.08,3.54,,79.81,123.0146
2024-08-14,16.19,-0.11,3.46,,78.47,122.4297
2024-08-15,15.23,-0.16,3.31,,79.66,122.5844
2024-08-16,14.8,-0.17,3.29,,78.05,122.3972
2024-08-19,14.65,-0.2,3.21,,75.82,121.8788
2024-08-20,15.88,-0.17,3.25,,75.27,121.7728
2024-08-21,16.27,-0.13,3.27,,72.76,121.8535
2024-08-22,17.55,-0.13,3.21,,73.72,122.3626
2024-08-23,15.86,-0.09,3.19,,75.82,121.4597
2024-08-26,16.15,-0.09,3.15,,78.4,121.6943
2024-08-27,15.43,0.0,3.17,,76.5,121.8672
2024-08-28,17.11,0.01,3.19,,75.49,121.8943
2024-08-29,15.65,0.0,3.15,,76.9,122.2333
2024-08-30,15.0,0.0,3.13,,74.52,122.3262
2024-08-31,15.0,0.0,3.17,,74.52,122.3262
2024-09-01,15.0,0.0,3.17,,74.52,122.3262
2024-09-02,15.55,0.0,3.17,,74.52,122.3262
2024-09-03,20.72,-0.04,3.31,,71.28,122.7811
2024-09-04,21.32,0.01,3.35,,70.11,122.5144
2024-09-05,19.9,-0.02,3.29,,70.09,122.4533
2024-09-06,22.38,0.06,3.39,,68.58,122.4991
2024-09-09,19.45,0.02,3.36,,69.65,122.7156
2024-09-10,19.08,0.06,3.46,,66.73,123.0071
2024-09-11,17.69,0.03,3.44,,68.25,122.7754
2024-09-12,17.07,0.04,3.39,,69.89,122.4423
2024-09-13,16.56,0.09,3.37,,69.59,121.6551
2024-09-16,17.14,0.07,3.32,,71.1,121.4976
2024-09-17,17.61,0.06,3.25,,72.16,121.6031
2024-09-18,18.23,0.09,3.21,,71.87,121.5618
2024-09-19,16.33,0.14,3.1,,72.86,121.3059
2024-09-20,16.15,0.18,3.15,,72.72,121.4052
2024-09-23,15.89,0.18,3.15,,71.33,121.4303
2024-09-24,15.39,0.25,3.21,,72.34,121.1291
2024-09-25,15.41,0.26,3.19,,70.42,121.4447
2024-09-26,15.37,0.19,3.14,,68.28,121.0785
2024-09-27,16.96,0.2,3.14,,68.72,121.1111
2024-09-30,16.73,0.15,3.03,,68.75,121.2864
2024-10-01,19.26,0.13,3.07,,70.41,121.6881
2024-10-02,18.9,0.16,3.06,,70.74,121.5724
2024-10-03,20.49,0.15,3.04,,74.33,122.1197
2024-10-04,19.21,0.05,2.89,,74.93,122.2197
2024-10-07,22.64,0.04,2.95,,77.76,122.4241
2024-10-08,21.42,0.06,2.99,,74.26,122.6625
2024-10-09,20.86,0.07,2.94,,73.85,122.8821
2024-10-10,20.93,0.11,2.99,,76.46,123.0951
2024-10-11,20.46,0.13,2.98,,76.11,122.9805
2024-10-14,19.7,0.13,2.97,,76.11,122.9805
2024-10-15,20.64,0.08,2.93,,71.22,123.5124
2024-10-16,19.58,0.09,2.9,,70.97,123.9235
2024-10-17,19.11,0.13,2.89,,71.26,124.1122
2024-10-18,18.03,0.13,2.88,,69.78,123.9185
2024-10-21,18.37,0.17,2.88,,71.16,124.4757
2024-10-22,18.2,0.17,2.92,,72.84,124.4107
2024-10-23,19.24,0.17,2.95,,71.37,124.6931
2024-10-24,19.08,0.14,2.93,,70.58,124.5127
2024-10-25,20.33,0.14,2.89,,72.02,124.6105
2024-10-28,19.8,0.16,2.82,,67.65,124.8076
2024-10-29,19.34,0.17,2.85,,67.48,124.8612
2024-10-30,20.35,0.14,2.8,,68.91,124.8153
2024-10-31,23.16,0.12,2.88,,69.58,124.7988
2024-11-01,21.88,0.16,2.83,,69.81,124.8076
2024-11-04,21.98,0.14,2.87,,71.83,124.5903
2024-11-05,20.49,0.07,2.86,,72.26,124.5532
2024-11-06,16.27,0.15,2.74,,71.98,125.7035
2024-11-07,15.2,0.1,2.73,,72.69,124.775
2024-11-08,14.94,0.04,2.63,,70.69,125.5811
2024-11-11,14.97,0.04,2.63,,70.69,125.5811
2024-11-12,14.71,0.09,2.61,,68.43,126.7762
2024-11-13,14.02,0.17,2.64,,68.76,126.9572
2024-11-14,14.31,0.09,2.6,,68.99,127.0015
2024-11-15,16.14,0.12,2.72,,67.33,126.8848
2024-11-18,15.58,0.13,2.72,,69.46,126.6045
2024-11-19,16.35,0.12,2.69,,69.75,126.3994
2024-11-20,17.16,0.1,2.67,,69.25,126.88
2024-11-21,16.87,0.09,2.61,,70.39,127.1047
2024-11-22,15.24,0.04,2.61,,71.68,127.4712
2024-11-25,14.6,0.06,2.64,,69.41,126.9948
2024-11-26,14.1,0.09,2.68,,69.05,127.4301
2024-11-27,14.1,0.06,2.69,,69.03,126.8205
2024-11-28,13.9,0.06,2.69,,69.03,126.8205
2024-11-29,13.51,0.05,2.72,,68.26,126.5798
2024-11-30,13.51,0.05,2.74,,68.26,126.5798
2024-12-01,13.51,0.05,2.74,,68.26,126.5798
2024-12-02,13.34,0.02,2.68,,68.35,127.1272
2024-12-03,13.3,0.06,2.66,,70.15,126.9565
2024-12-04,13.45,0.06,2.66,,68.81,126.7574
2024-12-05,13.54,0.02,2.66,,68.58,126.4286
2024-12-06,12.77,0.05,2.67,,68.58,126.688
2024-12-09,14.19,0.07,2.67,,68.65,126.5981
2024-12-10,14.18,0.07,2.67,,68.85,126.957
2024-12-11,13.58,0.11,2.64,,70.57,126.8483
2024-12-12,13.92,0.14,2.66,,70.25,126.9556
2024-12-13,13.81,0.15,2.68,,71.54,127.3096
2024-12-16,14.69,0.14,2.69,,71.03,127.2687
2024-12-17,15.87,0.15,2.75,,70.31,127.5043
2024-12-18,27.62,0.15,2.73,,70.8,127.6418
2024-12-19,24.09,0.25,2.91,,70.1,128.6366
2024-12-20,18.36,0.22,2.86,,69.71,127.893
2024-12-23,16.78,0.29,2.85,,69.5,128.3021
2024-12-24,14.27,0.3,2.86,,70.87,128.3377
2024-12-25,14.27,0.3,2.86,,70.87,128.3377
2024-12-26,14.73,0.28,2.86,,70.38,128.3329
2024-12-27,15.95,0.31,2.84,,71.28,128.45
2024-12-30,17.4,0.31,2.94,,71.73,128.8205
2024-12-31,17.35,0.33,2.92,,72.44,129.2775
2025-01-01,17.35,0.33,2.92,,72.44,129.2775
2025-01-02,17.93,0.32,2.88,,73.79,129.4598
2025-01-03,16.13,0.32,2.81,,74.64,129.4535
2025-01-06,16.04,0.34,2.76,,74.31,128.538
2025-01-07,17.82,0.37,2.79,,74.99,128.613
2025-01-08,17.7,0.39,2.84,,73.99,129.0785
2025-01-09,18.07,0.41,2.82,,73.99,129.2827
2025-01-10,19.54,0.37,2.81,,77.27,129.8664
2025-01-13,19.19,0.39,2.85,,79.57,130.0413
2025-01-14,18.71,0.41,2.8,,78.2,129.3812
2025-01-15,16.12,0.39,2.72,,80.73,129.2092
2025-01-16,16.6,0.38,2.73,,79.35,129.436
2025-01-17,15.97,0.34,2.64,,78.56,129.4859
2025-01-20,15.81,0.34,2.64,,78.56,129.4859
2025-01-21,15.06,0.28,2.61,,76.79,128.4151
2025-01-22,15.1,0.31,2.59,,76.12,128.3402
2025-01-23,15.02,0.36,2.61,,75.03,128.2162
2025-01-24,14.85,0.36,2.6,,74.97,127.4611
2025-01-27,17.9,0.36,2.66,,73.51,128.0912
2025-01-28,16.41,0.36,2.66,,74.15,128.2817
2025-01-29,16.56,0.34,2.68,,72.94,128.3418
2025-01-30,15.84,0.34,2.67,,73.1,128.1004
2025-01-31,16.43,0.36,2.68,,72.84,128.4828
2025-02-01,16.43,0.36,2.68,,72.84,128.4828
2025-02-03,18.62,0.28,2.73,,73.52,129.109
2025-02-04,17.21,0.31,2.71,,73.04,128.1083
2025-02-05,15.77,0.26,2.69,,71.39,127.9751
2025-02-06,15.5,0.24,2.66,,70.97,128.2017
2025-02-07,16.54,0.2,2.67,,71.32,128.4292
2025-02-10,15.81,0.23,2.66,,72.73,128.6382
2025-02-11,16.02,0.25,2.66,,73.67,128.4322
2025-02-12,15.89,0.26,2.65,,71.72,128.3288
2025-02-13,15.1,0.21,2.65,,71.66,127.8931
2025-02-14,14.77,0.21,2.62,,71.05,127.1491
2025-02-17,15.37,0.21,2.62,,71.05,127.1491
2025-02-18,15.35,0.26,2.62,,72.21,127.2906
2025-02-19,15.27,0.25,2.68,,72.58,127.7317
2025-02-20,15.66,0.22,2.66,,72.88,127.1126
2025-02-21,18.21,0.23,2.78,,70.72,127.1408
2025-02-24,18.98,0.27,2.78,,71.06,127.1921
2025-02-25,19.43,0.23,2.84,,69.15,127.3752
2025-02-26,19.1,0.2,2.81,,68.87,127.2822
2025-02-27,21.13,0.22,2.81,,70.62,127.9704
2025-02-28,19.63,0.25,2.87,,69.97,128.2805
2025-03-01,19.63,0.25,2.87,,69.97,128.2805
2025-03-03,22.78,0.2,2.94,,68.63,127.75
2025-03-04,23.51,0.26,2.99,,68.47,127.9966
2025-03-05,21.93,0.29,2.88,,66.58,126.504
2025-03-06,24.87,0.33,2.99,,66.62,126.1099
2025-03-07,23.37,0.33,2.97,,67.29,125.9814
2025-03-10,27.86,0.33,3.16,,66.31,126.268
2025-03-11,26.92,0.34,3.22,,66.52,126.0457
2025-03-12,24.23,0.31,3.2,,67.65,125.8664
2025-03-13,24.66,0.33,3.4,,66.82,126.0031
2025-03-14,21.77,0.29,3.25,,67.43,125.6942
2025-03-17,20.51,0.25,3.18,,67.84,125.3688
2025-03-18,21.7,0.25,3.23,,67.49,125.488
2025-03-19,19.9,0.26,3.19,,67.4,125.8006
2025-03-20,19.8,0.29,3.17,,68.55,125.985
2025-03-21,19.28,0.31,3.21,,68.52,126.2679
2025-03-24,17.48,0.3,3.05,,69.46,126.1956
2025-03-25,17.15,0.35,3.09,,69.48,126.0535
2025-03-26,18.33,0.37,3.19,,70.05,126.2364
2025-03-27,18.69,0.41,3.27,,70.3,126.3626
2025-03-28,21.65,0.38,3.47,,69.74,126.4187
2025-03-31,22.28,0.34,3.55,,71.87,126.7075
2025-04-01,21.77,0.3,3.5,,71.61,126.4338
2025-04-02,21.51,0.29,3.42,,72.12,126.3811
2025-04-03,30.02,0.35,4.01,,67.43,124.7316
2025-04-04,45.31,0.33,4.45,,62.42,125.8129
2025-04-07,46.98,0.42,4.61,,61.05,126.8282
2025-04-08,52.33,0.55,4.57,,60.04,126.8668
2025-04-09,33.62,0.43,4.37,,62.63,126.628
2025-04-10,40.72,0.56,4.42,,60.57,125.089
2025-04-11,37.56,0.52,4.26,,61.91,124.0163
2025-04-14,30.89,0.54,4.14,,61.99,123.6598
2025-04-15,30.12,0.51,4.09,,61.74,123.776
2025-04-16,32.64,0.52,4.16,,62.88,123.2724
2025-04-17,29.65,0.53,4.02,,65.07,123.1298
2025-04-18,29.65,0.53,4.02,,65.07,122.9865
2025-04-21,33.82,0.67,4.16,,63.48,122.3145
2025-04-22,30.57,0.65,3.99,,64.6,122.4175
2025-04-23,28.45,0.59,3.75,,62.64,123.0252
2025-04-24,26.47,0.55,3.73,,63.55,122.9251
2025-04-25,24.84,0.55,3.67,,63.85,122.8858
2025-04-28,25.15,0.56,3.73,,63.3,122.7176
2025-04-29,24.17,0.54,3.74,,61.84,122.5944
2025-04-30,24.7,0.57,3.94,,59.55,122.5921
2025-05-01,24.6,0.55,3.78,,60.59,123.1405
2025-05-02,22.68,0.5,3.6,,59.67,122.4962
2025-05-05,23.64,0.53,3.6,,58.5,122.2613
2025-05-06,24.76,0.52,3.66,,60.42,122.0417
2025-05-07,23.55,0.48,3.67,,59.42,122.117
2025-05-08,22.48,0.47,3.51,,61.25,122.7568
2025-05-09,21.9,0.49,3.53,,62.37,122.5191
2025-05-12,18.39,0.47,3.15,,63.32,123.4863
2025-05-13,18.22,0.47,3.09,,65.04,122.9583
2025-05-14,18.62,0.48,3.1,,64.48,122.6746
2025-05-15,17.83,0.49,3.2,,63.03,122.8174
2025-05-16,17.24,0.45,3.16,,63.84,123.0737
2025-05-19,18.14,0.49,3.21,,63.98,122.4186
2025-05-20,18.09,0.51,3.2,,63.97,122.3199
2025-05-21,20.87,0.58,3.25,,62.93,121.7496
2025-05-22,20.28,0.54,3.32,,62.55,122.0429
2025-05-23,22.29,0.51,3.4,,62.89,121.3837
2025-05-26,20.57,0.51,3.4,,62.89,121.3837
2025-05-27,18.96,0.51,3.24,,61.61,121.6099
2025-05-28,19.31,0.51,3.23,,62.54,121.9888
2025-05-29,19.18,0.51,3.22,,61.66,121.5617
2025-05-30,18.57,0.52,3.31,,61.46,121.7674
2025-05-31,18.57,0.52,3.32,,61.46,121.7674
2025-06-01,18.57,0.52,3.32,,61.46,121.7674
2025-06-02,18.36,0.52,3.27,,63.27,121.1881
2025-06-03,17.69,0.5,3.19,,64.1,121.4592
2025-06-04,17.61,0.5,3.23,,63.57,121.0539
2025-06-05,18.48,0.48,3.18,,64.06,120.9596
2025-06-06,16.77,0.47,3.09,,65.3,121.161
2025-06-09,17.16,0.48,3.12,,65.99,120.9103
2025-06-10,16.95,0.46,3.12,,65.66,121.0485
2025-06-11,17.26,0.47,3.12,,68.91,120.587
2025-06-12,18.02,0.46,3.17,,68.73,120.1723
2025-06-13,20.82,0.45,3.18,,73.84,120.3245
2025-06-16,19.11,0.49,3.1,,72.53,120.1565
2025-06-17,21.6,0.45,3.17,,75.62,120.5048
2025-06-18,20.14,0.44,3.16,,75.89,120.7305
2025-06-19,22.17,0.44,3.16,,75.89,120.7305
2025-06-20,20.62,0.48,3.13,,75.72,121.0408
2025-06-23,19.83,0.5,3.12,,69.36,121.1694
2025-06-24,17.48,0.55,3.06,,65.45,120.3645
2025-06-25,16.76,0.55,3.04,,65.98,120.3336
2025-06-26,16.59,0.56,3.04,,66.44,119.6451
2025-06-27,16.32,0.56,3.02,,66.66,119.659
2025-06-30,16.73,0.52,2.96,,66.3,119.4088
2025-07-01,16.83,0.48,2.91,,66.64,119.3436
2025-07-02,16.64,0.52,2.88,,68.66,119.3037
2025-07-03,16.38,0.47,2.8,,68.13,119.2382
2025-07-04,17.48,0.47,2.8,,68.13,119.2382
2025-07-07,17.79,0.5,2.86,,69.16,119.6201
2025-07-08,16.81,0.52,2.92,,69.55,119.8371
2025-07-09,15.94,0.48,2.94,,69.61,119.7311
2025-07-10,15.78,0.49,2.92,,67.78,119.8343
2025-07-11,16.4,0.53,2.97,,69.63,119.9214
2025-07-14,17.2,0.53,2.95,,68.19,120.2209
2025-07-15,17.38,0.55,2.95,,67.76,120.5105
2025-07-16,17.16,0.58,3.0,,67.13,120.4175
2025-07-17,16.52,0.56,2.91,,68.76,120.6384
2025-07-18,16.41,0.56,2.93,,68.53,120.356
2025-07-21,16.65,0.53,2.89,,68.39,119.9961
2025-07-22,16.5,0.52,2.9,,67.56,119.681
2025-07-23,15.37,0.52,2.83,,66.05,119.5697
2025-07-24,15.39,0.52,2.82,,67.16,119.5664
2025-07-25,14.93,0.49,2.84,,66.38,119.9857
2025-07-28,15.03,0.51,2.82,,67.81,120.6149
2025-07-29,15.98,0.48,2.86,,70.27,120.9674
2025-07-30,15.48,0.44,2.89,,71.09,121.4042
2025-07-31,16.72,0.43,2.86,,70.36,121.721
2025-08-01,20.38,0.54,3.13,,68.39,121.2122
2025-08-04,17.52,0.53,3.02,,67.33,120.9859
2025-08-05,17.85,0.5,2.98,,66.2,120.9082
2025-08-06,16.77,0.53,2.98,,65.38,120.5082
2025-08-07,16.57,0.51,2.95,,64.9,120.5043
2025-08-08,15.15,0.51,2.94,,64.94,120.3329
2025-08-11,16.25,0.51,2.94,,65.03,120.6892
2025-08-12,14.73,0.57,2.93,,64.22,120.2736
2025-08-13,14.49,0.57,2.9,,63.68,120.13
2025-08-14,14.83,0.55,2.89,,64.99,120.6446
2025-08-15,15.09,0.58,2.88,,63.78,120.3377
2025-08-18,14.99,0.57,2.88,,64.51,120.5622
2025-08-19,15.57,0.55,2.9,,63.38,120.7224
2025-08-20,15.69,0.55,2.94,,64.19,120.7757
2025-08-21,16.6,0.54,2.95,,64.56,121.0843
2025-08-22,14.22,0.58,2.88,,64.08,120.2774
2025-08-25,14.79,0.55,2.8,,65.18,120.4214
2025-08-26,14.62,0.65,2.78,,63.6,120.5274
2025-08-27,14.85,0.65,2.78,,64.49,120.7274
2025-08-28,14.43,0.6,2.75,,64.96,120.2595
2025-08-29,15.36,0.64,2.82,,64.36,120.2082
2025-08-31,15.36,0.64,2.84,,64.36,120.2082
2025-09-01,16.12,0.64,2.84,,64.36,120.2082
2025-09-02,17.17,0.62,2.92,,65.95,120.6837
2025-09-03,16.35,0.61,2.88,,64.36,120.5052
2025-09-04,15.3,0.58,2.84,,63.81,120.7629
2025-09-05,15.18,0.59,2.83,,62.22,120.1282
2025-09-08,15.11,0.56,2.84,,62.6,120.0971
2025-09-09,15.04,0.54,2.87,,62.97,120.1569
2025-09-10,15.35,0.5,2.84,,64.01,120.1223
2025-09-11,14.71,0.49,2.78,,62.71,119.9534
2025-09-12,14.76,0.5,2.79,,63.02,120.0611
2025-09-15,15.69,0.51,2.75,,63.66,119.5644
2025-09-16,16.36,0.53,2.79,,64.89,119.1348
2025-09-17,15.72,0.54,2.79,,64.41,119.1582
2025-09-18,15.7,0.54,2.71,,63.91,119.6616
2025-09-19,15.45,0.57,2.72,,63.02,119.7858
2025-09-22,16.1,0.54,2.69,,62.99,119.8152
2025-09-23,16.64,0.59,2.71,,63.76,119.6202
2025-09-24,16.18,0.59,2.7,,65.4,120.1707
2025-09-25,16.74,0.54,2.76,,65.51,120.5419
2025-09-26,15.29,0.57,2.75,,66.5,120.4349
2025-09-29,16.12,0.52,2.74,,64.27,120.115
2025-09-30,16.28,0.56,2.8,,63.17,120.1368
2025-10-01,16.29,0.57,2.81,,62.59,120.1502
2025-10-02,16.63,0.55,2.81,,61.28,120.4296
2025-10-03,16.65,0.55,2.8,,61.65,120.0881
2025-10-06,16.37,0.58,2.76,,62.49,120.2722
2025-10-07,17.24,0.57,2.82,,62.52,120.4884
2025-10-08,16.3,0.55,2.84,,63.37,120.7766
2025-10-09,16.43,0.54,2.95,,62.36,121.0902
2025-10-10,21.66,0.53,3.18,,59.75,121.1163
2025-10-13,19.03,0.53,3.18,,59.75,121.1163
2025-10-14,20.81,0.55,3.11,,59.52,121.1822
2025-10-15,20.64,0.55,2.95,,59.08,120.8642
2025-10-16,25.31,0.58,3.04,,58.29,120.6698
2025-10-17,20.78,0.56,3.04,,58.3,120.7028
2025-10-20,18.23,0.54,2.99,,58.34,120.6209
2025-10-21,17.87,0.53,2.97,,58.66,120.8895
2025-10-22,18.6,0.52,3.01,,59.3,120.8958
2025-10-23,17.3,0.53,2.96,,62.44,120.9531
2025-10-24,16.37,0.54,2.88,,62.27,120.9345
2025-10-27,15.79,0.53,2.8,,62.13,120.7988
2025-10-28,16.42,0.52,2.82,,60.97,120.6361
2025-10-29,16.92,0.49,2.76,,61.26,120.5312
2025-10-30,16.91,0.5,2.85,,61.36,121.2832
2025-10-31,17.44,0.51,2.94,,61.75,121.3859
2025-11-01,17.44,0.51,2.94,,61.75,121.3859
2025-11-03,17.17,0.53,3.04,,61.79,121.4512
2025-11-04,19.0,0.52,3.13,,61.38,121.8271
2025-11-05,18.01,0.54,3.05,,60.4,121.8482
2025-11-06,19.5,0.54,3.13,,60.24,121.6948
2025-11-07,19.08,0.56,3.15,,60.54,121.388
2025-11-10,17.6,0.55,3.02,,60.94,121.2984
2025-11-11,17.28,0.55,3.02,,60.94,121.2984
2025-11-12,17.51,0.52,3.02,,59.3,121.0458
2025-11-13,20.0,0.53,3.09,,59.54,120.7725
2025-11-14,19.83,0.52,3.07,,60.87,120.9666
2025-11-17,22.38,0.53,3.13,,60.66,121.1146
2025-11-18,24.69,0.54,3.2,,61.51,121.2127
2025-11-19,23.66,0.55,3.17,,60.27,121.4978
2025-11-20,26.42,0.55,3.17,,60.07,121.6889
2025-11-21,23.43,0.55,3.19,,58.86,121.8653
2025-11-24,20.52,0.58,3.15,,59.11,121.9171
2025-11-25,18.56,0.58,3.1,,58.25,121.6335
2025-11-26,17.19,0.55,3.0,,58.81,121.2437
2025-11-27,17.21,0.55,3.0,,58.81,121.2437
2025-11-28,16.35,0.55,2.95,,58.58,121.0527
2025-11-30,16.35,0.55,2.92,,58.58,121.0527
2025-12-01,17.24,0.55,2.94,,59.47,120.9862
2025-12-02,16.59,0.58,2.92,,58.81,121.1467
2025-12-03,16.08,0.57,2.89,,59.09,120.7336
2025-12-04,15.78,0.59,2.88,,59.82,120.6766
2025-12-05,15.41,0.58,2.85,,60.23,120.6863
2025-12-08,16.66,0.6,2.89,,59.04,120.776
2025-12-09,16.93,0.57,2.89,,58.4,120.6832
2025-12-10,15.77,0.59,2.91,,58.67,120.6752
2025-12-11,14.85,0.62,2.88,,57.76,119.98
2025-12-12,15.74,0.67,2.91,,57.61,120.1442
2025-12-15,16.5,0.67,2.91,,56.97,119.9561
2025-12-16,16.48,0.67,2.98,,55.44,119.8902
2025-12-17,17.62,0.67,2.99,,56.07,120.155
2025-12-18,16.87,0.66,2.95,,56.22,120.0528
2025-12-19,14.91,0.68,2.9,,56.8,120.1652
2025-12-22,14.08,0.73,2.88,,58.18,119.9912
2025-12-23,14.0,0.7,2.83,,58.55,119.7057
2025-12-24,13.47,0.68,2.84,,58.72,119.4372
2025-12-25,13.47,0.68,2.84,,58.72,119.4372
2025-12-26,13.6,0.68,2.86,,56.6,119.4723
2025-12-29,14.2,0.67,2.87,,57.89,119.5899
2025-12-30,14.33,0.69,2.84,,57.79,119.4939
2025-12-31,14.95,0.71,2.81,,57.26,119.7456
2026-01-01,14.95,0.71,2.81,,57.26,119.7456
2026-01-02,14.51,0.72,2.83,,57.21,119.6059
2026-01-05,14.9,0.71,2.81,,58.1,119.6192
2026-01-06,14.75,0.71,2.79,,56.97,119.7807
2026-01-07,15.38,0.68,2.79,,56.01,119.8719
2026-01-08,15.45,0.7,2.76,,57.74,120.0904
2026-01-09,14.49,0.64,2.74,,58.96,120.2215
2026-01-12,15.12,0.65,2.74,,59.39,119.9958
2026-01-13,15.98,0.65,2.75,,60.85,120.1401
2026-01-14,16.75,0.64,2.76,,61.84,119.9537
2026-01-15,15.84,0.61,2.71,,59.13,119.9951
2026-01-16,15.86,0.65,2.65,,59.4,120.0838
2026-01-19,18.84,0.65,2.65,,59.4,120.0838
2026-01-20,20.09,0.7,2.73,,60.3,119.4455
2026-01-21,16.9,0.66,2.69,,60.38,119.3431
2026-01-22,15.64,0.65,2.64,,59.24,119.1962
2026-01-23,16.09,0.64,2.68,,60.7,118.8976
2026-01-26,16.15,0.66,2.69,,60.46,118.0525
2026-01-27,16.35,0.71,2.71,,62.04,117.4523
2026-01-28,16.35,0.7,2.72,,62.75,117.5117
2026-01-29,16.88,0.71,2.77,,64.77,117.4396
2026-01-30,17.44,0.74,2.8,,64.5,117.8996
2026-01-31,17.44,0.74,2.88,,64.5,117.8996
2026-02-01,17.44,0.74,2.88,,64.5,117.8996
2026-02-02,16.34,0.72,2.81,,61.6,118.3609
2026-02-03,18.0,0.71,2.85,,62.62,117.9764
2026-02-04,18.64,0.72,2.86,,64.56,118.2602
2026-02-05,21.77,0.74,2.97,,62.9,118.5034
2026-02-06,17.76,0.72,2.87,,63.77,118.2407
2026-02-09,17.36,0.74,2.84,,64.53,117.6392
2026-02-10,17.79,0.71,2.86,,64.2,117.5216
2026-02-11,17.65,0.66,2.84,,64.8,117.4601
2026-02-12,20.82,0.62,2.92,,63.08,117.5376
2026-02-13,20.6,0.64,2.95,,63.05,117.5258
2026-02-16,21.2,0.64,2.94,,63.05,117.5258
2026-02-17,20.29,0.62,2.94,,62.53,117.7375
2026-02-18,19.62,0.62,2.86,,65.33,117.8426
2026-02-19,20.23,0.61,2.88,,66.66,118.2354
2026-02-20,19.09,0.6,2.86,,66.69,117.9917
2026-02-23,21.01,0.6,2.95,,66.36,117.9395
2026-02-24,19.55,0.61,2.97,,65.62,117.9463
2026-02-25,17.93,0.6,2.94,,65.3,117.769
2026-02-26,18.63,0.6,2.98,,65.1,117.9042
2026-02-27,19.86,0.59,3.1,,66.96,117.8223
2026-02-28,19.86,0.59,3.12,,66.96,117.8223
2026-03-01,19.86,0.59,3.12,,66.96,117.8223
2026-03-02,21.44,0.58,3.03,,71.13,118.667
2026-03-03,23.57,0.55,3.08,,74.48,119.4341
2026-03-04,21.15,0.55,2.97,,74.58,119.0705
2026-03-05,23.75,0.56,3.0,,80.88,119.5683
2026-03-06,29.49,0.59,3.13,,90.77,119.491
2026-03-09,25.5,0.56,3.19,,94.65,119.5151
2026-03-10,24.93,0.58,3.06,,83.71,118.7255
2026-03-11,24.23,0.57,3.09,,86.8,119.2885
2026-03-12,27.29,0.51,3.17,,95.61,119.8227
2026-03-13,27.19,0.55,3.28,,98.48,120.5518
2026-03-16,23.51,0.55,3.27,,93.39,120.097
2026-03-17,22.37,0.52,3.22,,96.01,119.8328
2026-03-18,25.09,0.5,3.2,,96.12,119.9276
2026-03-19,24.06,0.46,3.27,,96.11,120.1802
2026-03-20,26.78,0.51,3.24,,98.71,120.2757
2026-03-23,26.15,0.51,3.19,,89.33,119.9371
2026-03-24,26.95,0.49,3.19,,93.18,120.1295
2026-03-25,25.33,0.49,3.17,,91.51,120.1282
2026-03-26,27.44,0.46,3.21,,96.18,120.389
2026-03-27,31.05,0.56,3.42,,101.26,120.8851
2026-03-30,30.61,0.53,3.46,,104.69,121.2851
2026-03-31,25.25,0.51,3.28,,102.86,121.035
2026-04-01,24.54,0.52,3.16,,101.9,120.1198
2026-04-02,23.87,0.52,3.17,,113.23,120.503
2026-04-03,23.87,0.51,3.13,,113.23,120.6565
2026-04-06,24.17,0.5,3.05,,114.01,120.4302
2026-04-07,25.78,0.52,3.12,,114.58,120.32
2026-04-08,21.04,0.5,2.94,,96.17,119.0596
2026-04-09,19.49,0.51,2.9,,99.62,118.8998
2026-04-10,19.23,0.5,2.94,,98.34,118.8552
2026-04-13,19.12,0.52,2.95,,100.72,118.9916
2026-04-14,18.36,0.5,2.84,,93.07,118.3581
2026-04-15,18.17,0.53,2.85,,93.04,118.3623
2026-04-16,17.94,0.54,2.86,,96.46,118.3616
2026-04-17,17.48,0.55,2.83,,85.91,118.0795
2026-04-20,18.87,0.54,2.87,,91.06,118.2374
2026-04-21,19.5,0.52,2.85,,93.64,118.4331
2026-04-22,18.92,0.51,2.84,,94.76,118.6004
2026-04-23,19.31,0.51,2.86,,99.27,118.7155
2026-04-24,18.71,0.53,2.86,,98.42,118.7294
2026-04-27,18.02,0.57,2.84,,99.89,118.5458
2026-04-28,17.83,0.52,2.85,,103.45,118.7717
2026-04-29,18.81,0.5,2.82,,110.47,119.0975
2026-04-30,16.89,0.52,2.83,,108.64,118.671
2026-05-01,16.99,0.51,2.77,,105.38,118.3926
2026-05-04,18.29,0.5,2.78,,109.76,118.8264
2026-05-05,17.38,0.5,2.77,,105.66,118.6207
2026-05-06,17.39,0.49,2.75,,98.75,118.0982
2026-05-07,17.08,0.49,2.79,,98.38,118.0116
2026-05-08,17.19,0.48,2.81,,98.87,118.0392
2026-05-11,18.38,0.47,2.79,,101.56,118.0562
2026-05-12,17.99,0.46,2.82,,105.78,118.5238
2026-05-13,17.87,0.48,2.82,,104.52,118.4737
2026-05-14,17.26,0.47,2.76,,104.66,118.6696
2026-05-15,18.43,0.5,2.8,,108.99,119.2825
2026-05-18,17.82,0.54,2.83,,112.25,119.0574
2026-05-19,18.06,0.54,2.86,,112.09,119.451
2026-05-20,17.44,0.53,2.8,,101.69,119.1624
2026-05-21,16.76,0.49,2.78,,100.2,119.369
2026-05-22,16.7,0.43,2.74,,100.35,119.2868
2026-05-25,16.59,0.43,2.74,,100.35,119.2868
2026-05-26,17.01,0.49,2.72,,97.63,119.1696
2026-05-27,16.29,0.48,2.71,,92.35,119.1829
2026-05-28,15.74,0.46,2.72,,92.65,119.0318
2026-05-29,15.32,0.47,2.72,,91.16,118.8783
2026-05-31,15.32,0.47,2.74,,91.16,118.8783
2026-06-01,16.05,0.42,2.72,,95.96,119.1653
2026-06-02,15.77,0.41,2.71,,97.47,119.0359
2026-06-03,16.06,0.41,2.75,,99.76,119.3848
2026-06-04,15.4,0.42,2.74,,96.83,119.3615
2026-06-05,21.51,0.38,2.76,,94.32,120.0831
2026-06-08,18.92,0.41,2.75,,95.0,120.034
2026-06-09,19.87,0.4,2.78,,91.9,119.9617
2026-06-10,22.22,0.42,2.8,,93.68,119.9134
2026-06-11,19.44,0.4,2.78,,91.58,120.1174
2026-06-12,17.68,0.39,2.71,,88.62,119.5073
2026-06-15,16.2,0.4,2.66,,84.65,119.3158
2026-06-16,16.41,0.38,2.71,,79.8,119.256
2026-06-17,18.44,0.29,2.63,,80.65,119.3871
2026-06-18,16.4,0.27,2.66,,80.35,120.3958
2026-06-19,16.78,0.27,2.66,,80.35,120.3958
2026-06-22,17.28,0.27,2.65,,78.94,120.5463
2026-06-23,19.49,0.34,2.71,,74.62,121.0552
2026-06-24,18.63,0.3,2.76,,71.42,121.412
2026-06-25,18.89,0.31,2.78,,72.67,121.0559
2026-06-26,18.41,0.31,2.83,,70.3,120.8866
2026-06-29,17.65,0.28,2.8,,71.87,120.9525
2026-06-30,16.45,0.3,2.75,,70.56,120.9248
2026-07-01,16.59,0.31,2.74,,69.74,121.1455
2026-07-02,16.15,0.35,2.75,,69.73,120.6902
2026-07-03,15.81,0.35,2.74,,69.73,120.6902
2026-07-06,15.57,0.35,2.72,,69.6,120.835
2026-07-07,16.13,0.36,2.67,,71.53,120.8145
2026-07-08,16.9,0.35,2.7,,74.56,121.1307
2026-07-09,15.84,0.38,2.7,,73.15,120.753
2026-07-10,15.03,0.35,2.69,,72.45,120.5046
2026-07-13,17.16,0.36,2.69,,79.2,120.7413
2026-07-14,16.5,0.4,2.72,,80.44,120.4728
2026-07-15,15.67,0.42,2.71,,80.73,120.3088
2026-07-16,16.73,0.41,2.71,,80.03,120.331
2026-07-17,18.77,0.37,2.73,,83.43,120.5315
2026-07-20,18.65,0.39,2.69,,84.38,120.5401
2026-07-21,17.05,0.37,2.69,,86.04,120.5779
2026-07-22,16.64,0.36,2.68,,87.66,120.5736
2026-07-23,18.7,0.34,2.77,,93.08,120.9075
2026-07-24,18.58,0.36,2.79,,91.74,120.7105
2026-07-27,18.67,0.34,2.81,,84.25,120.7739
2026-07-28,18.21,0.35,2.84,,80.91,120.6247
2026-07-29,20.66,0.45,2.87,,86.08,120.7892
2026-07-30,17.09,0.45,2.84,,85.15,119.6753
2026-07-31,15.99,0.47,2.85,,86.16,119.7034
2026-08-03,15.86,0.45,2.78,,81.96,119.6951
2026-08-04,16.5,0.43,2.73,,77.33,119.5977
2026-08-05,15.81,0.45,2.75,,76.78,119.3881
2026-08-06,15.15,0.44,2.71,,78.88,119.5113
2026-08-07,14.9,0.46,2.7,,79.77,119.0649
2026-08-10,15.46,0.47,2.7,,83.76,119.1187
2026-08-11,15.28,0.48,2.72,,84.77,119.179
2026-08-12,14.55,0.48,2.71,,84.97,119.1179
2026-08-13,14.63,0.48,2.71,,82.77,119.1848
2026-08-14,14.25,0.51,2.67,,83.99,118.9028
2026-08-17,15.19,0.53,2.7,,86.04,118.814
2026-08-18,15.84,0.52,2.75,,86.48,118.9831
2026-08-19,14.89,0.46,2.73,,87.28,118.3328
2026-08-20,16.01,0.5,2.75,,89.75,118.2548
2026-08-21,15.13,0.5,2.7,,87.21,118.0628
2026-08-24,15.85,0.46,2.69,,86.34,118.0628
2026-08-25,15.45,0.47,2.7,,83.9,118.0628
2026-08-26,15.21,0.47,2.67,,83.9,118.0628
2026-08-27,15.21,0.47,2.67,,83.9,118.0628
